Location,Place
이슬라마바드,이슬라마바드 수도권
이슬라마바드,섹터E-11
이슬라마바드,바라 카후
이슬라마바드,바니 갤라
이슬라마바드,마이라 베그월
이슬라마바드,G-12 Sector
이슬라마바드,D-12 Sector
이슬라마바드,시할라
이슬라마바드,버마 타운
이슬라마바드,탈라이 칼란
이슬라마바드,G-7 Sector
이슬라마바드,F-11
이슬라마바드,E-12 Sector
이슬라마바드,치라
이슬라마바드,G-11 Sector
이슬라마바드,G-15 Sector
이슬라마바드,마갈라 힐스 국립공원
이슬라마바드,라월 호
이슬라마바드,바리아 엔클라브 동물원
이슬라마바드,레이크 뷰 공원
이슬라마바드,다마네코
이슬라마바드,트레일 5
이슬라마바드,파티마 지나 파크
이슬라마바드,파이잘 모스크
이슬라마바드,카치너 공원
이슬라마바드,이슬라마바드 클럽
이슬라마바드,랄 맛지드
이슬라마바드,MTX 오프-로드 스포츠 라월 레이크
이슬라마바드,파키스탄-차이나 프리엔드십 센터
이슬라마바드,"부토 파크, 라월 타운, 이슬라마바드"
이슬라마바드,팰컨 풋볼 그라운드
이슬라마바드,G-9 
이슬라마바드,"레이디스 파크, 라월 타운, 이슬라마바드"
이슬라마바드,The Monal Restaurant
이슬라마바드,Mocca Coffee
이슬라마바드,The Warehouse
이슬라마바드,Wild Rice Restaurant
이슬라마바드,Burning Brownie
이슬라마바드,Des Pardes Restaurant
이슬라마바드,Zamana Cafe Serena
이슬라마바드,Pizza Party
이슬라마바드,chaayé khana
이슬라마바드,Tuscany Courtyard Islamabad
이슬라마바드,La Montana Restaurant
이슬라마바드,Andaaz
이슬라마바드,KC Grill
이슬라마바드,Cave Diner
이슬라마바드,Jason's Steak House
이슬라마바드,Hua Xia Qing Restaurant
이슬라마바드,Chinatown Restaurant
이슬라마바드,Hana Restaurant
이슬라마바드,F-7 지나 슈퍼 마켓
이슬라마바드,켄타우루스 몰 이슬라마바드
이슬라마바드,밸리 1 쇼핑센터
이슬라마바드,나비드 플랜츠 너어서리
이슬라마바드,어판 아케이드 쇼핑센터
이슬라마바드,말콧 쇼핑센터
이슬라마바드,Asian Handicrafts
이슬라마바드,Hipster G9 pak china mall
이슬라마바드,"4 Season Rent A Car, Islamabad"
이슬라마바드,ZETA 1 Mall
이슬라마바드,Hostel Shopping Centre
이슬라마바드,مرکز فارمنگ سوسائٹی
이슬라마바드,Pindi Plaza پنڈی پلازہ
이슬라마바드,Sheikh's Mall (Amir Sheikh)
이슬라마바드,Mall 9
이슬라마바드,Opal Mall & Luxury Suites
이슬라마바드,The Atlantis Mall
이슬라마바드,5 West
이슬라마바드,아잠국제공항
이스탄불,시르케지
이스탄불,프렌스 섬
이스탄불,올드시티 술탄아흐멧
이스탄불,보스포루스
이스탄불,베식타스
이스탄불,아타투르크 국제공항
이스탄불,카디코이
이스탄불,랄렐리
이스탄불,베야짓
이스탄불,헤이벨리아다
이스탄불,파티
이스탄불,제이틴부르누
이스탄불,쿠쿡섹메세
이스탄불,카디쿄이
이스탄불,에센유르트
이스탄불,군고렌
이스탄불,술탄 아흐메트 모스크
이스탄불,이스탄불 아쿠아리움
이스탄불,보스포루스 해협
이스탄불,예레바탄 지하 궁전
이스탄불,쉴레이마니예 모스크
이스탄불,갈라타 탑
이스탄불,아야 소피아
이스탄불,므스르 차르슈
이스탄불,베일레르베이 궁전
이스탄불,참르자 힐
이스탄불,이스탄불 돌고래 수족관
이스탄불,그랜드 바자르
이스탄불,아야 이리니
이스탄불,포룸 이스탄불
이스탄불,이스티클랄 거리
이스탄불,탁심 광장
이스탄불,터키 이스탄불 블루 모스크 + 아야소피아 + 예레바탄 사라이 + 보스포러스 일일 투어
이스탄불,터키 이스탄불 지방에서 출발하는 보스포러스 반나절 투어
이스탄불,터키 이스탄불에서 출발하는 보스포러스 일일 투어
이스탄불,이스탄불 시티 하이라이트 풀데이 투어 | 12명의 소규모 그룹 | 점심 포함
이스탄불,"플라자 프리미엄 라운지, 이스탄불 사비하 괵첸 국제공항, 투르키예(PPL SAW)"
이스탄불,터키 톱카프 궁전 + 블루 모스크 + 아야소피아 + 버스+ 이스탄불 구시가지 일일 투어
이스탄불,"이스탄불, 음료와 함께하는 소그룹 또는 개인 가이드 투어 하이라이트"
이스탄불,이스탄불 + 아야소피아 + 블루 모스크 + 예레바탄 사라이 일일 투어
이스탄불,이스탄불 이스탄불 공항 반나절 투어
이스탄불,Türkiye에서 출발하는 이스탄불 공항 반나절 투어
이스탄불,터키 이스탄불 보스포러스 크루즈
이스탄불,터키 이스탄불 지방 + 아야소피아 + 블루 모스크 + 예레바탄 사라이 + 술탄아흐메트 광장 일일 투어
이스탄불,터키 울루다그 산 + 그린 모스크 일일 투어
이스탄불,터키 이스탄불 구시가지 일일 투어
이스탄불,터키 이스탄불 구시가지 일일 투어
이스탄불,터키 이스탄불 구시가지 반나절 투어
이스탄불,우돈야 일식 레스토랑
이스탄불,NUSR-ET STEAKHOUSE ETİLER
이스탄불,Tugra Restaurant
이스탄불,Divan Brasserie Beyoğlu
이스탄불,Seven Hills Restaurant
이스탄불,피에르 로티
이스탄불,Roof Mezze 360
이스탄불,"Hafiz Mustafa 1864, Sirkeci"
이스탄불,Donerci Sahin Usta
이스탄불,Karakoy Gulluoglu
이스탄불,NICOLE
이스탄불,Neolokal
이스탄불,이스탄불구이전문점
이스탄불,Ulus 29
이스탄불,Lale Lokantasi
이스탄불,Hayvore
이스탄불,이스틴야 파크 몰
이스탄불,이스탄불 몰
이스탄불,조를루 센터
이스탄불,ERDENİZ YAPI MARKET OTOMOTİV
이스탄불,Zeruj Port Shopping Mall
이스탄불,ARSLAN MARKET 4
이스탄불,Nappa Leather
이스탄불,Cristal 7 Little Ice
이스탄불,Atlas Pasajı
이스탄불,Güzelce kapali pazar
이스탄불,İstanblue Villaları
이스탄불,CHANEL BAGDAT
이스탄불,Kanyon Shopping Center
이스탄불,Venezia Mega Outlet
이스탄불,Oscar 65 Leather & Fur
이스탄불,Yıldız Plaza
이스탄불,Hakan Evin Rug Store
이스탄불,Rem Vize ve Dış Ticaret
이스탄불,아시아와 유럽이 공존하는 이스탄불 여행
이스탄불,사비하괵첸국제공항
이스탄불,아타튀르크공항
이즈미르,Konak
이즈미르,Alsancak
이즈미르,Gaziemir
이즈미르,Basmane
이즈미르,Karsiyaka
이즈미르,Balçova
이즈미르,케마라트 시장
이즈미르,코르돈보유
이즈미르,페르가몬 고대 도시
이즈미르,【이즈미르】Madrigal 콘서트
이즈미르,Sifali Luks Hamami
이즈미르,Kizlaragasi Han
이즈미르,Agora Open Air Museum
이즈미르,Ataturk Museum
이즈미르,Ahmet Adnan Saygun Sanat Merkezi
이즈미르,9 Eylül Meydanı
이즈미르,Altınköy Plajı
이즈미르,Ayfer Feray Açıkhava Tiyatrosu
이즈미르,Gaziemir Festival Alanı
이즈미르,터키 이즈미르 알라카티 일일 투어
이즈미르,터키 이즈미르에서 출발하는 알라카티 + 파묵칼레 + 페티예 일일 투어
이즈미르,터키 이즈미르 시장 일일 투어
이즈미르,에페소 고대 도시 + 아르테미스 신전 반일 투어
이즈미르,터키 이즈미르 체쉬메 성 일일 투어
이즈미르,터키 이즈미르 알라카티 + 파묵칼레 + 보드룸 일일 투어
이즈미르,터키 이즈미르 아드난 멘데레스 공항에서 반나절 투어
이즈미르,터키 이즈미르 알라카티 + 파묵칼레 + 카스 일일 투어
이즈미르,파묵칼레+히에라폴리스1일 투어
이즈미르,알라카티 + 터키 이즈미르 차낙칼레 일일 투어
이즈미르,터키 + 파묵칼레 + 히에라폴리스 일일 투어
이즈미르,터키 고대 도시 에페소스 + 아르테미스 신전 + 성모 마리아의 옛 거주지 + 실링거 일일 투어
이즈미르,에베소 고대 도시1일 투어
이즈미르,터키 고대 도시 에베소 + 아르테미스 신전 + 성모 마리아 옛 거주지 + 이사벨 모스크 일일 투어
이즈미르,터키 고대도시 에페수스 + 아르테미스 신전 + 힐링거 타운 + 에베소 극장 일일 투어
이즈미르,터키의 작은 마을 힐링거 ​​+ 고대 도시 에베소 + 아르테미스 일일 투어
이즈미르,고대 도시 에베소 + 아르테미스 신전 + 터키 실링거 일일 투어
이즈미르,페르가몬 고대 도시1일 투어
이즈미르,Mavisu Balık Evi
이즈미르,Narlıdere balık evi
이즈미르,FISH & STEAK HOUSE
이즈미르,Kordon Yengeç Restaurant
이즈미르,Izmir Cankaya Lokantasi
이즈미르,Sirena
이즈미르,Soiree Restaurant
이즈미르,Mado
이즈미르,Topçunun Yeri
이즈미르,Sakiz Alsancak
이즈미르,Sultan Yemek Evi
이즈미르,Yali Balik
이즈미르,Aquarium Restaurant
이즈미르,Bogazici Restaurant
이즈미르,Balıkçı Hasan
이즈미르,Beer Mood
이즈미르,Ristorante Pizzeria Venedik
이즈미르,Molly Malone's Bostanlı
이즈미르,KUTARA YAPI ELEMANLARI LDT. ŞTİ.
이즈미르,Xxxxxxxxxcccc
이즈미르,DOĞRU SPOT ve YAPI DEKORASYON
이즈미르,SARILAR MARKET (PAYE KART - TICKET - SODEXO- METROPOL CARD - SETCARD - MULTİNET )
이즈미르,Nazli& ŞIRLAN su bayii
이즈미르,Sipahi Okey
이즈미르,TTELEKOM-APİKONTOR.COM
이즈미르,Hayat Poster retro ahşap poster
이즈미르,SEDEF TUHAFİYE
이즈미르,LAWİN AYAKKABI
이즈미르,Memişoğlu Gıda
이즈미르,Ataroğlu Pasajı
이즈미르,A101 YUNUSEMRE
이즈미르,A101 Tepecik Mağazası
이즈미르,A101 222 Sokak Mağazası
이즈미르,Truf Market | Fatura Ödeme | Payporter Ria Para Transferi
이즈미르,Agora Avm
이즈미르,A101 Ahmetbeyli Mağazası
이즈미르,"튀르키예 3대 도시, 터키 이즈미르 여행 총정리!"
시바스,시바스 완더링 루트
시바스,시바스 팜
시바스,슈와스
시바스,Ulu Mosque
시바스,Ataturk Congress & Ethnography Museum
시바스,YENİ LUNAPARK
시바스,Sivas Arkeoloji Muzesi
시바스,Primemall Sivas Avşar Sinemalari
시바스,Yigitler(Fertelli) Camii
시바스,Sivas Yeni 4 Eylul Stadyumu
시바스,Hoca Imam Camii
시바스,Tozlu Raflar Antika & Sahaf
시바스,SVS BİLGİSAYAR
시바스,Sivas Cumhuriyet Square
시바스,Gök Medrese
시바스,Gelin & Görümce Ev Yemekleri
시바스,Nazar Cafe
시바스,sivas Guleryuz koftecisi
시바스,Pizza Time
시바스,Bayramefendi Osmanli Kahvecisi
시바스,Komagene
시바스,Sultan :Sofrasi BT Iskender
시바스,Ozen Kebap Salonu
시바스,Has Döner
시바스,ASPASYA ÇAY BAHÇESi
시바스,Osmanağa Konaği
시바스,Coffee and study
시바스,Hakan Baklava
시바스,Terminal 2001 Kebap Salonu
시바스,Sema Hanimin Yeri
시바스,Ekinciler Pide Firini
시바스,Yarışoğlu Pastanesi
시바스,Hakan Baklava - İstasyon Şubesi
시바스,EVSER MOBİLYA SHOWROOM
시바스,ANNE DÜNYASI
시바스,ANADOLU TİCARET
시바스,EMRE KİTAPEVİ
시바스,AK AYDINLAR İNŞAAT TİCARET
시바스,KARINCA AVM ZÜCCACİYE
시바스,Sivas Orman Ürünleri (Yavuz Demirkaynak)
시바스,ÜÇOK TOPTAN GIDA
시바스,MCD COSMETİCA
시바스,ASYA AVM SİVAS
시바스,OKÇU'nun ATÖLYESİ
시바스,Warehouse shopping malls
시바스,Yıldız Sümer Avm
시바스,Bit Pazarı
시바스,İstanbul Avm
시바스,Şemsi Sivasi Hac Ve Umre Malzemeri
시바스,şarkışla vestel bayii mettaş
시바스,Ensa Yapı Market Jotun Boya
시바스,시바스공항
시바스,시바스 완더링 루트
시바스,시바스 팜
시바스,슈와스
시바스,Ulu Mosque
시바스,Ataturk Congress & Ethnography Museum
시바스,YENİ LUNAPARK
시바스,Sivas Arkeoloji Muzesi
시바스,Primemall Sivas Avşar Sinemalari
시바스,Yigitler(Fertelli) Camii
시바스,Sivas Yeni 4 Eylul Stadyumu
시바스,Hoca Imam Camii
시바스,Tozlu Raflar Antika & Sahaf
시바스,SVS BİLGİSAYAR
시바스,Sivas Cumhuriyet Square
시바스,Gök Medrese
시바스,Gelin & Görümce Ev Yemekleri
시바스,Nazar Cafe
시바스,sivas Guleryuz koftecisi
시바스,Pizza Time
시바스,Bayramefendi Osmanli Kahvecisi
시바스,Komagene
시바스,Sultan :Sofrasi BT Iskender
시바스,Ozen Kebap Salonu
시바스,Has Döner
시바스,ASPASYA ÇAY BAHÇESi
시바스,Osmanağa Konaği
시바스,Coffee and study
시바스,Hakan Baklava
시바스,Terminal 2001 Kebap Salonu
시바스,Sema Hanimin Yeri
시바스,Ekinciler Pide Firini
시바스,Yarışoğlu Pastanesi
시바스,Hakan Baklava - İstasyon Şubesi
시바스,EVSER MOBİLYA SHOWROOM
시바스,ANNE DÜNYASI
시바스,ANADOLU TİCARET
시바스,EMRE KİTAPEVİ
시바스,AK AYDINLAR İNŞAAT TİCARET
시바스,KARINCA AVM ZÜCCACİYE
시바스,Sivas Orman Ürünleri (Yavuz Demirkaynak)
시바스,ÜÇOK TOPTAN GIDA
시바스,MCD COSMETİCA
시바스,ASYA AVM SİVAS
시바스,OKÇU'nun ATÖLYESİ
시바스,Warehouse shopping malls
시바스,Yıldız Sümer Avm
시바스,Bit Pazarı
시바스,İstanbul Avm
시바스,Şemsi Sivasi Hac Ve Umre Malzemeri
시바스,şarkışla vestel bayii mettaş
시바스,Ensa Yapı Market Jotun Boya
시바스,시바스공항
안탈리아,안탈리아 시티센터
안탈리아,안탈리아 해안
안탈리아,Lara Coast
안탈리아,Eski Lara
안탈리아,Muratpasa
안탈리아,Kaleici
안탈리아,Konyaalti Beach
안탈리아,칼레이치
안탈리아,안탈리아 비치
안탈리아,칼레이치 성 거리
안탈리아,두덴 폭포
안탈리아,안탈리아 수족관
안탈리아,뒤덴 폭포
안탈리아,하드리아누스의 문
안탈리아,안탈랴 박물관
안탈리아,콘야알티 비치
안탈리아,카라알리올루 공원
안탈리아,Lara Beach
안탈리아,무랏 파샤 모스크
안탈리아,쾨프뤼차이강
안탈리아,Mermerli Beach
안탈리아,Thai Rose Massage Saloon
안탈리아,Aska Lara Resort - Wet'n Wild Park
안탈리아,Kaleci Castle
안탈리아,GAGA CLUB
안탈리아,안탈리아에서 식사 및 이동이 포함된 하루 종일 파묵칼레 문화 여행
안탈리아,왕복 이동 서비스가 포함된 안탈리아 승마 투어
안탈리아,안탈리아에서 바비큐 점심 및 이동 서비스가 포함된 술루아다 보트 투어
안탈리아,터키 안탈리아에서 일일 투어
안탈리아,안탈리아 고급스러운 터키식 목욕탕 및 교통편
안탈리아,바비큐 점심 및 왕복 교통편이 포함된 안탈리아 해적 보트 투어
안탈리아,"안탈리아 클래식 터키식 목욕탕 및 스파, 전신 오일 마사지 및 이동 서비스"
안탈리아,터키 술루아다 일일 투어
안탈리아,터키 페티예에서 안탈리아 일일 투어
안탈리아,안탈리아에서 바베큐 점심 및 이동 서비스가 포함된 코프룰루 협곡 강 래프팅 투어
안탈리아,왕복 이동 서비스가 포함된 안탈리아 버기 사파리 투어
안탈리아,"안탈리아 시티 투어, 폭포, 보트 투어, 바베큐 점심 식사 및 왕복 교통편"
안탈리아,"오프로드, 바베큐 점심 및 이동이 포함된 안탈리아 지프 사파리 투어"
안탈리아,터키 카슈 일일 투어 + 시메나 성 + 케코바 섬
안탈리아,"안탈리아에서 바비큐 점심 및 이동 서비스가 포함된 페르게(Perge), 아스펜도스(Aspendos) 및 측면 문화 투어"
안탈리아,왕복 이동 서비스가 포함된 안탈리아 어드벤처 ATV 쿼드 사파리 투어
안탈리아,터키 안탈리아 두덴 폭포 일일 투어
안탈리아,Osmanli Tulumbacisi
안탈리아,Zencefil Ev Yemekleri
안탈리아,ÇORBACIZADE
안탈리아,Cankaya Doner Evi
안탈리아,Piyazcı Sami
안탈리아,Maşka Balkan Kasabı
안탈리아,Balıkcı Adnan
안탈리아,Seraser Fine Dining Restaurant
안탈리아,7 Mehmet
안탈리아,Leman Kultur
안탈리아,Kaleici Meyhanesi Konyaalti
안탈리아,Mevlana Lokantasi
안탈리아,A.S. Onur Iskender
안탈리아,Bi'Buyuk Meyhane
안탈리아,Midpoint
안탈리아,Muratpasa Restaurant
안탈리아,Gecekondu Meyhane
안탈리아,Antalya Bazaar
안탈리아,STEM UNİQUELY HANDCRAFTED
안탈리아,KUM MARKET OTOMOTİV
안탈리아,TOPACA TARIM YEM BAYİİ
안탈리아,Antalya Migros AVM
안탈리아,TerraCity
안탈리아,Öğrekçi Plaza
안탈리아,Tosunoğullari Plaza
안탈리아,Lbs
안탈리아,Cumartesi-Pazari
안탈리아,yıldız ticaret sırma madran eylül ceysu su ve tüp bayi
안탈리아,Rent A car Antalya
안탈리아,PETSHOP PETPEMBE LİMAN MAH.
안탈리아,Tahtakale Spot Erenköy Şubesi
안탈리아,29 Letter Mall
안탈리아,A101 Dağbeli Mağazası
안탈리아,A101 ZIYA GÖKALP
안탈리아,A101 Kaplan Sokak Mağazası
안탈리아,"햇살 가득한 지중해의 낙원, 터키 안탈리아 여행 "
페샤와르,페샤와르 도서관
페샤와르,타타라 공원
페샤와르,칼리드 빈 월이드 공원
페샤와르,"DHA 페샤와르, 섹터 C 공원"
페샤와르,버드 에이비에리 앳 페샤와르 주
페샤와르,페샤와르 모터웨이 파크 & 조깅 트랙
페샤와르,퍼블릭 공원
페샤와르,시티 홈 공원
페샤와르,J3 공원
페샤와르,센트럴 도서관
페샤와르,테절 C 디비시온 폴리스 station.
페샤와르,레이디스 공원
페샤와르,Sethi House Museum
페샤와르,Bala Hisar Fort
페샤와르,Mahabat Khan Mosque
페샤와르,Talaab Cricket Ground تالاب کرکٹ گرائونڈ
페샤와르,K-4 Playground
페샤와르,Tai Pan (Pearl-Continental Hotel)
페샤와르,Hong Kong chines Restaurant
페샤와르,Nisar Charsi Tikka
페샤와르,Iqbal Burger
페샤와르,BAR.B.Q Tonight
페샤와르,Mr.Cod Hayatabad
페샤와르,Gloria Jean's Coffee Peshawar
페샤와르,Cone Heads
페샤와르,Spring Rose
페샤와르,Shiraz Ronaq
페샤와르,Jani Cone
페샤와르,Newyorker Pizza
페샤와르,Two Guys Fries
페샤와르,Downtown Bistro Hayatabad
페샤와르,Cafe Crunch
페샤와르,Dunking Donuts Mall Road
페샤와르,Charasi Tikka Shop
페샤와르,Arabian Chick Fastfood Restaurant
페샤와르,Florenza Mall and Residencia
페샤와르,ASLAM GENRAL STORE
페샤와르,Shafiq Khan Arms And Ammunation Dealers
페샤와르,Shinwari plaza
페샤와르,Ibrahim Plastic Store
페샤와르,Salman Genral Store
페샤와르,Deans Trade Center (Saddar Shopping Mall)
페샤와르,Grand Mall Saddar Peshawar (Mars Marketing)
페샤와르,페샤와르공항
와디무사,와디럼
와디무사,아카바
와디무사,Aqaba Qasabah District
와디무사,Quairah District
와디무사,Wadi Araba Sub-District
와디무사,Al Quwayrah
와디무사,Diesah Sub-District
와디무사,와디 럼
와디무사,아카바
와디무사,아카바 만
와디무사,와디 럼 보호구역
와디무사,버섯 바위
와디무사,아카바 고고학 박물관
와디무사,아카바 고고학 박물관
와디무사,Mount Lamlam
와디무사,Aqaba Fort
와디무사,Wadi Rum Safari
와디무사,Camel Dive Center
와디무사,Ahlan Aqaba Scuba Diving Center
와디무사,Bedouin dive aqaba 
와디무사,Mr Frogman Dive Center
와디무사,RumSky Stargazing Adventure
와디무사,요르단 여행 와디 럼 사막 일출 열기구 높은 고도 탐험 사막 파노라마
와디무사,요르단 + 알 라말 붉은 모래 언덕 일일 투어
와디무사,요르단 + 알 라말 붉은 모래 언덕 일일 투어
와디무사,요르단 + 아카바 만 + 문 캐니언 + 아카바 공원 일일 투어
와디무사,이집트+요르단 페트라 일일 투어
와디무사,요르단 + 문 캐년 + 히포 공원 + 아카바 만 일일 투어
와디무사,C4 Shots
와디무사,captains restaurant
와디무사,Papaya Restaurant & Cafe
와디무사,Julia’s
와디무사,DIMITRI'S COFFEE AQABA ديميتريز العقبة
와디무사,Diwan The View Rooftop Lounge
와디무사,Aurjwan Cafe and Restaurant
와디무사,Khashoka Aqaba - خاشوكة العقبة
와디무사,Memories Castle Café
와디무사,Bent Reem
와디무사,Watermelon Juice Corner
와디무사,Fish In
와디무사,Your Home
와디무사,Najel
와디무사,Rahamani Arabian Eatery
와디무사,Copacabana Steak House & Cafe
와디무사,De Soto Restaurant
와디무사,Alqedra Restaurant
와디무사,까르푸
와디무사,Aqaba City Center Shopping Mall
와디무사,adidas Store Aqaba Downtown
와디무사,Mamoon center مامون سنتر
와디무사,China Town
와디무사,The Fountainالنافورة مول
와디무사,Golden Boho Beach Concept
와디무사,Shweikh Mall
와디무사,Al Bawasel Shopping mall
와디무사,fast dragon commercial center
와디무사,زهرة العقبة للعطارة ( Herbs & incense & oil perfumes )
와디무사,3’rd market
와디무사,Dream Mall
와디무사,Al Showkini Mall
와디무사,Shwiki mall
와디무사,BAZZAR OUTLET
와디무사,Sara Gift's
와디무사,Damaskino Roastery
와디무사,아쿠바 공항
메디나,메디나 드 라바트
메디나,알 울라
메디나,수스 메디나
메디나,메디나셀리
메디나,앨 맛지드 안 나바위
메디나,일곱 모스크
메디나,성스러운 사원
메디나,쿠바 모스크
메디나,메디나 드 튀니스
메디나,메디나 호
메디나,메디나 이자하라
메디나,메디나 컨트리 클럽
메디나,잔낫 앨-바키
메디나,Dar Al Madinah Museum
메디나,The International Fair and Museum of the Prophet's Biography and Islamic Civilization
메디나,메디나 호
메디나,왕국의 정신적 중심지인 메디나를 탐험해보세요
메디나,쉐프샤우엔 + 쉐프샤우엔 성 박물관 + 쉐프샤우엔 메디나 일일 투어
메디나,모로코 페스 메디나 + 페스 왕궁 + 추아라 태너리 일일 투어
메디나,모로코 에사우이라 해변 + 메디나 올드타운 일일 투어
메디나,모로코 에사우이라 + 메디나 올드타운 + 에사우이라 해변 일일 투어
메디나,사우디아라비아 eSIM | 1-30일 | 최대 45GB 데이터 | 최고의 네트워크
메디나,알울라에서의 마법같은 저녁
메디나,페스 왕궁 + 페스 메디나 + 부겔루 블루 게이트 + 슈아라 태너리 + 이드리스 영묘 일일 투어
메디나,알울라(AlUla)의 아름다움에 푹 빠져보세요
메디나,AlUla의 야생동물과 자연을 탐험해보세요
메디나,사우디아라비아의 고대 도시 알울라(AlUla) 유적지 일일 투어
메디나,알울라: 시간 여행
메디나,사우디아라비아 킹파드 국제공항 반나절 투어
메디나,사우디아라비아의 고대 도시 알울라(AlUla) 유적지 반나절 투어
메디나,사우디아라비아의 고대 도시 알울라(AlUla) 유적지 일일 투어
메디나,페스 왕궁 + 페스 메디나 + 부겔루 블루 게이트 + 슈아라 가죽 공장 + 카로인 모스크 일일 투어
메디나,Steak House
메디나,GULSHAN RESTAURANT গুলশান রেস্তোরাঁ
메디나,Tokushi
메디나,RUSTIC GRILL رستك جريل
메디나,The Ocean Restaurant
메디나,Al Baik Restaurant
메디나,Town Pour
메디나,Chilly Pepper Restaurant
메디나,Arabesque Restaurant
메디나,wok Time
메디나,Al Habibi
메디나,باص ستيشن Bus Station 90
메디나,Jamil's Restaurant - مطعم الجمیل
메디나,"Chilli's Al Noor Mall, Madinah"
메디나,Bangladeshi Hotel And Restaurant
메디나,Valenti's | فالنتيز
메디나,Islamabad Hotel - Pakistani
메디나,Al Rawdha Restaurant
메디나,메디나 쇼핑센터
메디나,Madina Mall
메디나,Al-Assali العسلي (( عطور و تجميل ))
메디나,Blankets & Janamaaz World - Brik Mubarak Al-Lahebi Stores
메디나,Almunawara Gift Shop- Alharam
메디나,Manar Mall
메디나,Marks and Spencer
메디나,بوليفارد المدينة ARD
메디나,بوليفارد العقيق | Aqiq Boulevard
메디나,Andalus Mall
메디나,Reem Sultana Mall
메디나,Elyas Residential & Commercial Centre
메디나,Al-Madinah International Mall
메디나,Best Prices
메디나,KAKI WALK MALL
메디나,Taiba Arac Market Centre
메디나,Hassan Mall
메디나,Raghad Mall
메디나,프린스모하매드빈압둘아지즈공항
메디나,알울라 공항
메디나,얀부공항
제다,제다이다
제다,제다 다바
제다,제다커텁
제다,이제다 이제사
제다,바제다
제다,바제다
제다,마제다
제다,제다오커우
제다,제다 큭후투네티
제다,제다 박비
제다,제다 어지
제다,앨-헴라아
제다,제다 디미
제다,제다 차날리
제다,제다 에세리
제다,제다 콘디디
제다,제다 악홀쉐니
제다,알발라드
제다,파하드 왕의 분수
제다,FIBA 아시아컵
제다,Al-Shallal Theme Park
제다,The Secret Room الغرفة السرية
제다,Roshn Waterfront
제다,Jeddah Corniche
제다,Al Tayebat International City
제다,Jeddah Corniche
제다,Central Fish Market
제다,사우디아라비아 제다 일일 투어
제다,제다의 알 발라드에서 사우디 라이프스타일을 경험해 보세요
제다,제다에서 낚시 여행을 즐겨보세요
제다,제다 해변 승마 체험
제다,제다에서 역사를 다시 살펴보세요
제다,Uptown 966
제다,Goodies Restaurants
제다,Green Coriander Indian Cuisine
제다,Fauchon
제다,Al Safina Restaurant
제다,Meraki Artisan Coffee
제다,Brasserie Louis
제다,Angelina
제다,Steak House
제다,Shake Shack
제다,Anis Restaurant
제다,Chilli's
제다,Byblos
제다,Sakura Japanese Restaurant
제다,2 Bites
제다,Chun's Bistro
제다,Buffalo Wings & Rings
제다,Mataam Al Sharq
제다,보성신옥로제다
제다,제다 쇼핑센터
제다,몰 오브 아라비아
제다,아지즈 몰
제다,중화인민공화국의 행정구역
제다,스타스 애버뉴 몰
제다,Cenomi Haifa Mall
제다,Gabel Street Souq
제다,SERAFI mega mall
제다,Sultan Mall
제다,Al Marwa Center
제다,Jeddah international market
제다,مركز السامرية التجاري - Sameria Center
제다,Roshan Mall
제다,Alajab Decoration العجب للديكور
제다,Alam Al-Wisam
제다,Abhur Plaza - أبحر بلازا
제다,الأبرص سنتر ABRAS CENTER
제다,킹압둘아지즈국제공항
메카,메카주
메카,앨 마쉐어
메카,제다
메카,60th Street
메카,비메카테
메카,Mina
메카,타이프
메카,Al Shawqiyyah
메카,Al Sharayaa
메카,Al Rasaifah
메카,Al Naseem
메카,Ajyad
메카,Al Hijrah
메카,라빅
메카,알베이트 타워 
메카,마스지드 알하람
메카,카바
메카,성스러운 타님
메카,래플스 마카 팰리스
메카,블랙 스톤
메카,아라파트산
메카,AFC 아시안컵
메카,잠잠의 샘
메카,Mecca
메카,The Kiswa Factory of the Holy Ka'aba
메카,Safa to Marwa
메카,Jabal Al Nour
메카,Museum Al Wahyu
메카,Masjid Taneem
메카,Makah Al Mukaromah
메카,메카의 신성한 보물을 탐험해보세요
메카,K Club Ubud의 발리 메카르 우붓 정글 스파 체험
메카,사우디아라비아 eSIM | 1-30일 | 최대 45GB 데이터 | 최고의 네트워크
메카,중동 4개국용 eSIM | 일 패키지
메카,LOBBY LOUNGE
메카,Albaik
메카,Spice Market
메카,Al Shorfa
메카,Al Ruwad
메카,Retaj Al Bayt Restaurant
메카,Hyatt Regency
메카,Cafe' Cino
메카,Smash Burger
메카,Faisalabad Restaurant
메카,Burger Valley
메카,Gurkan Sef Steakhouse
메카,Khair Restaurant
메카,مطعم الخير Pakistani Hotel
메카,Durrat China
메카,Five Guys
메카,Al Multaqa
메카,بروستك BROASTECH MAKKAH
메카,Azizia Mobile Shop محلات الجوالات
메카,Azizia commercial Market
메카,"AL AMEER CENTER, SAFWA TOWER, MAKKAH"
메카,Souk Al-Khalil - Jabal Omar
메카,Mecca Commercial Housing Center
메카,New goat n sheep market in Makkah
메카,Ghail Bawazir Center
메카,Makka auction
메카,Makkah Mall
메카,메카몰
메카,Sharaie Mall
메카,Tilal Village - تلال فيليج
메카,Macca mall
메카,Makah Market
메카,Xiaomi showroom
메카,Makkah Shopping Centre
메카,City Centre Mall
메카,Eid Galleria - عيد غاليريا
메카,킹압둘아지즈국제공항
메카,메카타라공항
메카,타이프 공항
리야드,라일라
리야드,나리야드
리야드,하우탓 서데어
리야드,와디애드다와서
리야드,지랍
리야드,앨 우에이나
리야드,앨 헤이썸
리야드,알-카르지
리야드,아르자
리야드,러가바
리야드,수하일라
리야드,카이란
리야드,앨 암마
리야드,앨 퍼에이샤
리야드,앨 하어
리야드,리야드 동물원
리야드,킹덤 센터
리야드,리야드 국제 컨벤션 & 전시 센터
리야드,무라바 궁전
리야드,수페르코파 이탈리아나
리야드,Riyadh Season
리야드,Boulevard Riyadh City
리야드,수페르코파 데 에스파냐 결승决赛
리야드,WTA 파이널스
리야드,디랍 파크
리야드,Masmak Fortress
리야드,Heet Cave
리야드,Edge of The World
리야드,리야드에서 야생과의 가까운 만남
리야드,리야드에서의 미식 여행
리야드,리야드에서 베두인의 환대를 경험해보세요
리야드,리야드의 아름다운 광경을 감상하세요
리야드,리야드에서 사우디 문화유산을 탐험해보세요
리야드,리야드에서의 풍부한 문화 경험
리야드,리야드에서 자연을 탐험하고 말을 타보세요
리야드,마스막 요새 + 마스막 박물관 일일 투어 (사우디아라비아 리야드 출발)
리야드,"플라자 프리미엄 라운지, 사우디아라비아 킹 칼리드 공항(PPL RUH)"
리야드,사우디아라비아 eSIM | 1-30일 | 최대 45GB 데이터 | 최고의 네트워크
리야드,사우디아라비아 킹파드 국제공항 반나절 투어
리야드,KSA의 과거와 미래의 현재를 공개합니다
리야드,중동 4개국용 eSIM | 일 패키지
리야드,엘레베이터타고 2층
리야드,Mama Noura
리야드,Najd Village
리야드,Azzurro
리야드,Spazio
리야드,Lusin
리야드,The Globe
리야드,Operation Falafel
리야드,Hong
리야드,LA PETITE MAISON RIYADH
리야드,Alnadeg
리야드,"Pampa Grill - Argentinian Steak House, Narcissus Hotel Riyadh"
리야드,Al Orjouan
리야드,Karam Beirut
리야드,Faris Breakfast
리야드,Lotus
리야드,Baalbek Restaurant
리야드,JW Steakhouse
리야드,리야드 갤러리 몰
리야드,사하라 플라자
리야드,Deerah Souq
리야드,Central Deira Market
리야드,Cenomi Al Hamra Mall
리야드,Panorama Mall
리야드,코빈 컨츄리야드 샵스 & 오피스즈
리야드,Nojoud Mall
리야드,Riyadh Avenue Mall
리야드,تن سيتي - Ten City
리야드,Harvey Nichols
리야드,Al Qasr Mall
리야드,"شركة أشتل للتجارة , Ashtel Trading Co ( KOMY Safety)"
리야드,TOKO BANYUWANGI 11
리야드,Salam Mall
리야드,Royal Mall Riyadh
리야드,Derah Market
리야드,Hayat Mall
리야드,킹칼리드국제공항
리야드,다왓미 공항
리야드,와디애드다와서 공항
나자프,안 나자프
나자프,나자프퍼
나자프,나자프퍼
나자프,나자프간즈
나자프,칸 앨 머살라
나자프,나시어
나자프,앨-마나테라
나자프,무하나위아
나자프,Al-Mishikhab
나자프,Al-Maaniyah
나자프,Al-Shabakah
나자프,Abu Sakhair
나자프,Al Abassiya
나자프,Al Gadeer
나자프,Al Hurria
나자프,앨 나자프 클럽
나자프,챠 바그 나자프 칸 툼
나자프,나자프 아뮤즈먼츠 공원
나자프,나자프 칸스 툼
나자프,나자프거 레이크
나자프,샤 나자프 이맘 바라
나자프,나자프거 공원
나자프,가든스 앨-사아드 제네랄 디스트릿
나자프,Imam Ali Ibn Abi Talib Shrine
나자프,이맘 알리 도서관
나자프,쿠파 중앙도서관
나자프,Grand Mosque of Kufa
나자프,앨 무타나비 그린 존
나자프,"Masjid e Azam,kufa"
나자프,House Of M Ali Ibn Abi Talib RA
나자프,Al-Sahla Great Mosque
나자프,Sobat Restaurant
나자프,manara restaurant
나자프,Al Arish Cafe and Restaurant
나자프,Al-Manar Sweets
나자프,Moisturizers son Aernds
나자프,Mateam Rukn Aleakayishii
나자프,Darwich patisserie
나자프,Restaurant and Park Zitouna
나자프,اور گروب UR Group
나자프,مركز الروان التجاري sonbol sport
나자프,MIGᗩ ᗷYTE
나자프,Family Shopping Mall مجمع العائلة التجاري
나자프,مكتب GNC
나자프,Jawhart Al-Arab Shopping Centre
나자프,Shamsa Shopping Mall
나자프,Abdali Mall
나자프,Bilal markets
나자프,Haider Allowaili Complex 4
나자프,Maysan Mall
나자프,Walid Kaaba markets
나자프,Mall food Kawthar
나자프,Syed Ali inch Mobile
나자프,Diamond Mall home shopping
나자프,Al-Manar markets
나자프,Ahmed food markets
나자프,Noor Mustafa home shopping
나자프,알국제공항
바그다드,러사파
바그다드,사비앗
바그다드,애드해미야
바그다드,카디미야
바그다드,카라다
바그다드,카르크
바그다드,타아
바그다드,앨 BuAmmer 에어리어
바그다드,Tajiyat
바그다드,Al Baiueia
바그다드,조든 Sq.
바그다드,알샤브 경기장
바그다드,자아 스타디움
바그다드,카딤 스퀘어
바그다드,프레지덴셜 리젼 인 래드웨니야
바그다드,버진 메리스 찰딘 카톨릭 처치
바그다드,신드배드 공원
바그다드,앨-와티크 스퀘어
바그다드,자와라 알라메리아
바그다드,자라아 Sq.
바그다드,파크리 이브라함 모스크
바그다드,해자 스퀘어
바그다드,앨 뮬라 호위시 모스크
바그다드,더 네이션 가든
바그다드,자아라 파크
바그다드,시나 스타디움
바그다드,제주 바그다드카페&레스토랑
바그다드,النادي الاشوري (Arabic-Local)
바그다드,2IN1 Hay Al-Jamaa
바그다드,Al Mansur mall
바그다드,Royal Galaxy Restaurants Group
바그다드,The Square meeting Bars
바그다드,Sí Restaurant
바그다드,바그다드카페
바그다드,바그다드카페
바그다드,Cake design
바그다드,We cafe
바그다드,Rawan Cake
바그다드,Central park friends cafe
바그다드,Grape Leaves Restaurant
바그다드,Alkhassaki Sweets
바그다드,Rida Alwan Coffee
바그다드,바그다드 몰
바그다드,사이드 마물 쇼핑센터
바그다드,해피 하우스 몰
바그다드,مكتب طيبة للبولبرنات Teeba Bureau
바그다드,مركز اصباغ الحماية جوتن (jotun protective paint )
바그다드,SHD ورق الجدران الكوري
바그다드,شركة رمز دجلة kt777
바그다드,ktkt كتكت
바그다드,Ximivogue iraq شيمي فوك
바그다드,المجموعة التقنية S.A.T
바그다드,Bağdat AVM
바그다드,محل كوزمتك Original Show
바그다드,AMSOIL Iraq
바그다드,NT3 SHoES
바그다드,جدار سنتر jedar center
바그다드,Kale Turkish Ceramic Baghdad Shopping Centre
바그다드,Pull Mark Mall
바그다드,Waffir Shopping Centre
바그다드,바그다드국제공항
아르빌,더비
아르빌,샤카와
아르빌,타크타크
아르빌,라완두츠
아르빌,베이즈
아르빌,코이신자크
아르빌,카라반
아르빌,칼락
아르빌,굴락
아르빌,가즈나
아르빌,재지니칸 나짐
아르빌,플론
아르빌,거드 저트야
아르빌,카스나잔
아르빌,시사와
아르빌,이프라츠
아르빌,아르빌 공원
아르빌,아르빌 파크
아르빌,아르빌 아베 트레일헤드
아르빌,나린 파크-돌라라와-아르빌
아르빌,사미 앰덜라먼 공원
아르빌,시랑가이 마시프
아르빌,아자디
아르빌,Citadel of Arbil
아르빌,루나키
아르빌,쿠타브얀 공원
아르빌,바이시클 도어 - 사미 앰돌 라먼
아르빌,더 캐슬 파운틴즈 앤드 가든스
아르빌,쏘와프 모스크
아르빌,샤
아르빌,사르바스티 공원
아르빌,파밀리 공원
아르빌,마모스타얀 시티
아르빌,로컬 공원
아르빌,Loft
아르빌,The Grill
아르빌,Paradise Restaurant
아르빌,Taj
아르빌,Tavern Kitchen & Bar
아르빌,Four Amigos Cafe and Restaurant
아르빌,Barbapapà On The Road
아르빌,Mamounia Sky Bar
아르빌,Jazz Restaurant Erbil
아르빌,Al Bustan Lebanese Restaurant & Garden
아르빌,Damas Gourmet
아르빌,Medoc Wine Restauarant
아르빌,Rally Point Cafe
아르빌,ABC Restaurant Erbil
아르빌,Flavours all-day dining
아르빌,Lisa cafe & restaurant
아르빌,Samunkhanai KARDO سەموونخانەی کـاردۆ
아르빌,Shakespeare and Co. Erbil
아르빌,뉴 시티
아르빌,니쉬티먼 바자
아르빌,마지디 몰
아르빌,Vape World Erbil - عالم الفيب - جیھانی ڤەیپ
아르빌,شويني SABA
아르빌,مشتل villa
아르빌,Market nawroz
아르빌,Meker Market
아르빌,Shoping center
아르빌,فرۆشگای بورغی گۆران Goran Screw shop
아르빌,haftabazar
아르빌,Marrket shaho
아르빌,Akforum
아르빌,Bazari Koya
아르빌,Muzafar shop
아르빌,Astera Sport
아르빌,Family Mall Erbil
아르빌,شام بيوتي صالون sham beauty
아르빌,에르빌국제공항
누쿠스,The Karakalpakstan State Museum of Art named after I.V. Savitsky
누쿠스,Gosudarstvennyy Muzey Istorii I Kul'tury Respubliki Karakalpakstan
누쿠스,Muhammad Imam Iyshan meshiti
누쿠스,NKS GAME CLUB
누쿠스,Mechet'
누쿠스,Mechet'
누쿠스,Kos Kul'
누쿠스,Game club LION
누쿠스,Basseyn Aral
누쿠스,MINI STADION
누쿠스,Shaykh Mukhammed Sadyk Mukhammed Yusuf
누쿠스,Istiklal
누쿠스,Flagpole
누쿠스,Asshiko'l
누쿠스,Berdik
누쿠스,Qaraqalpaqatan Respublikasi tariyxi ham madeniyati mamleketlik muzeyi
누쿠스,Mozaichnoye Panno Sovetskikh Vremen
누쿠스,Mozaichnoye Panno
누쿠스,Bellagio
누쿠스,Gazli suv (Газ вода)
누쿠스,Premier Lounge
누쿠스,Cinnamon Coffee & Pastry
누쿠스,Neo Restaurant
누쿠스,Jipek Joli Restaurant
누쿠스,Mj Lounge
누쿠스,Sheraton Cafe
누쿠스,Restaurant Sofram
누쿠스,Marmaris family restaurant
누쿠스,Visconti Cafe
누쿠스,Пивной Бар Pultzer Brau
누쿠스,Artel show room
누쿠스,Grand City
누쿠스,MEBEL ORAYI
누쿠스,Агенство Недвижимости - IMARAT
누쿠스,Artel premium shop
누쿠스,"""MURATBEK MEBEL"""
누쿠스,"Santekhnicheskiy Magazin ""Teplyy Dom"""
누쿠스,누쿠스공항
부하라,알 부하라
부하라,다만후르
부하라,헤라
부하라,아클람
부하라,앨 자파라니
부하라,샤버
부하라,이브라히마이아 마하나
부하라,세인
부하라,앨 사와프
부하라,샤가아
부하라,이맘 말릭
부하라,모가나이엔
부하라,아부오카
부하라,카퍼 볼렌
부하라,앨 블라코
부하라,앨 사카나
부하라,초르 미노르
부하라,칼론 모스크
부하라,부하라 아레나
부하라, 칼론 미나렛
부하라,Ark of Bukhara
부하라,Samanid Mausoleum
부하라,Magoki Attori Mosque
부하라,Nodir Devon Begi Madrasasi
부하라,Ulugbek Madrasah
부하라,Bukhara Synagogue
부하라,Moschea Bolo-khauz
부하라,Miri-Arab Madrasa
부하라,Kalan Mosque
부하라,Samonids Recreation Park
부하라,Taqi-Telpakfurushon Market
부하라,Monument to Hodja Nasreddin
부하라,우즈베키스탄 부하라야크 성 + 4개의 탑 모스크 + 포이카얀 반나절 투어
부하라,Silk Road Teahouse
부하라,Sezam Restaurant
부하라,Tea & Coffee Khona
부하라,Minor House
부하라,Gulzor
부하라,Mohichehri-Zamon Restaurant
부하라,Amsterdam Hookah
부하라,Z Restaurant & Club
부하라,Restaurant Carvon Saray Gulomjon
부하라,Chasmai-Mirob
부하라,Beer Pub (Razlivnoe Pivo)
부하라,restaurant of Hotel Asia
부하라,U Apa Rano
부하라,Yetti go'zal
부하라,The Plov
부하라,Chinar
부하라,Mavrigi  Restaurant
부하라,Doston House
부하라,"El Safa Net Cafe , الصفا نت"
부하라,تسويقه اون لاين _ taswiquhonline
부하라,راوتر دهب cnc
부하라,مول تروفال - Troval Mall
부하라,r7 mall
부하라,Aqua Pure Water Purification Company
부하라,مول الرباعية 4Shopping Center
부하라,Residential Eleventh Market
부하라,Decoration World National Paints
부하라,Wholesale market for vegetables and fruits
부하라,Alzohor Mall
부하라,Tiba Mall
부하라,Downtown Mall
부하라,مول بيراميدز - Pyramids Mall
부하라,Alkasre center - Hamada Mosa
부하라,Dar Misr Mall
부하라,Mattresses Khashab
부하라,Deeb Super Market
부하라,부하라공항
사마르칸트,자미탄
사마르칸트,버먼
사마르칸트,섬불
사마르칸트,말릭
사마르칸트,울러스
사마르칸트,카라타쉬
사마르칸트,발타
사마르칸트,터트
사마르칸트,두닥
사마르칸트,도먼
사마르칸트,카타밍
사마르칸트,쿠이-셔차
사마르칸트,귀스
사마르칸트,세이
사마르칸트,나보이
사마르칸트,검지
사마르칸트,비비하눔 사원
사마르칸트,울루그 베그 천문대
사마르칸트,시압 바자르
사마르칸트,더 에터널 시티
사마르칸트,셰르다르 마드라사
사마르칸트, 구르 에미르의 묘
사마르칸트,레기스탄
사마르칸트,샤히진다 기념물
사마르칸트,투어리스트 빌리지 - 코니질
사마르칸트,센트럴 공원
사마르칸트,알메니안 아포스톨릭 처치
사마르칸트,Saint Daniel's Tomb
사마르칸트,Rukhobod Mausoleum
사마르칸트,Afrasiyab Settlement
사마르칸트,Afrasiab
사마르칸트,공원
사마르칸트,Dovudi Hammam
사마르칸트,"Madrasa Ulugh Beg, Madrasa Tilla Kari, Madrasa Sher Dor"
사마르칸트,타슈켄트: 기차로 사마르칸트 당일 여행
사마르칸트,Zargaron Restaurant
사마르칸트,Grand Nazar
사마르칸트,Platan
사마르칸트,Bibikhanum Teahouse
사마르칸트,Old City Restaurant
사마르칸트,"Restaurant ""KARIMBEK"""
사마르칸트,Restaurant Samarkand
사마르칸트,Blues Cafe
사마르칸트,T·Bone Cafe&Bar
사마르칸트,Siob Chaikhana
사마르칸트,Cafe Coffee Time
사마르칸트,"Delicatessen CAFE ""Terrace On BOULVARD"""
사마르칸트,Istiqlol
사마르칸트,Florencia
사마르칸트,Art Cafe CinZano
사마르칸트,''FARRUX TABAKA 24'' MCHJ
사마르칸트,오조드벡 쇼핑센터
사마르칸트,"Торговый центр ""AFSONA"""
사마르칸트,Цветочный Магазин LOTOS gullar DoʻKoni
사마르칸트,Shodiyona Shopping Center
사마르칸트,FAMILY PARK
사마르칸트,Mega Market
사마르칸트,Holida Market
사마르칸트,mini market Umaraka
사마르칸트,Yangi Shodiyona
사마르칸트,Yangi Bozor
사마르칸트,XONADON Savdo Markazi
사마르칸트,Traditional Handicrafts market
사마르칸트,Marmar farmers market
사마르칸트,Favorite Market
사마르칸트,Makon Mall
사마르칸트,Nurafshon Mall
사마르칸트,VOKZAL MARKET
사마르칸트,Nikki Niyat
사마르칸트,사마르칸트공항
사마르칸트,타쉬켄트국제공항
사마르칸트,두샨베국제공항
테헤란,테헤란주
테헤란,테헤란 인터나티오널 엑시비션
테헤란,골레스탄 궁전
테헤란,니아바란 팰리스 콤플렉스
테헤란,홀리 슈라인 오브 이맘 코마이니
테헤란,달반드
테헤란,글래스웨어 앤드 세라믹 뮤지엄 오브 이란
테헤란,에스피나스 팰리스 호텔 페르시안 가든
테헤란,다마반드 산
테헤란,이란 내셔널 도서관
테헤란,이란 국립 박물관
테헤란,보르제 아자디
테헤란,파크 쉐이
테헤란,뮤지엄 오브 더 카서 프리즌
테헤란,보르제 밀라드
테헤란,카펫 뮤지엄 오브 이란
테헤란,센트럴 리브러리 오브 유니버시티 오브 테헤란
테헤란,피치 레스토랑
테헤란,Shandiz Mashad
테헤란,파르디스
테헤란,Monsoon Lounge
테헤란,Gilaneh
테헤란,Divan
테헤란,테헤란16번가
테헤란,Narenjestan Restaurant
테헤란,Koohpaye
테헤란,Royal Galaxy Restaurant
테헤란,L'Entrecote de Teheran
테헤란,Moslem Restaurant
테헤란,Vakil-O-Tojjar Restauran
테헤란,Dizi
테헤란,KUBABA
테헤란,Khaneh Koochak
테헤란,Charmy's Pasta
테헤란,Cingari Restaurant
테헤란,소헤일 쇼핑센터
테헤란,헤이엇 사브 쇼핑센터
테헤란,갤러리아 쇼핑센터
테헤란,모타하리 쇼핑센터
테헤란,디더 쇼핑센터
테헤란,갠디 쇼핑센터
테헤란,밀란 쇼핑센터
테헤란,세아울 쇼핑센터
테헤란,바란 쇼핑센터
테헤란,마헤스탄 쇼핑센터
테헤란,이란 자민 쇼핑센터
테헤란,에다 쇼핑센터
테헤란,티라제 2 쇼핑센터
테헤란,사베스탄 쇼핑센터
테헤란,A.S.P. 쇼핑센터
테헤란,파스다란 쇼핑센터
테헤란,옥시겐 쇼핑센터
테헤란,아리아 쇼핑센터
테헤란,이맘호메이니국제공항
테헤란,메흐라바드국제공항
이스파한,Kashan
이스파한,Varzaneh
이스파한,Mobarakeh
이스파한,앤티크 제임 모스크 오브 이스파한
이스파한,이스파한 수족관
이스파한,피르 템플 오브 이스파한
이스파한,체헬 소툰
이스파한,이맘 광장
이스파한,이스파한 버드-와칭 센터
이스파한,알리 카푸
이스파한,샤 모스크
이스파한,시오세 다리
이스파한,하쥬 다리
이스파한,차하르 바그 테올라지컬 스쿨
이스파한,아앱사 워터 파크
이스파한,셰이크로트폴라 모스크
이스파한,알리 그홀리 아가 해멈
이스파한,가디어 가든
이스파한,파닥 가든
이스파한,자반 공원
이스파한,Restaurant Shahrzad
이스파한,Roozegar
이스파한,Malek Soltan Jarchi Bashi
이스파한,Ghasr Monshi Resturant
이스파한,Marseille cafe
이스파한,Radio Cafe
이스파한,Keryas Restaurant
이스파한,Romanos
이스파한,Zagros Restaurant
이스파한,Azam Beryani
이스파한,Khan Gostar
이스파한,Azadegan Cafe
이스파한,Sofreh Khaneh Sonnati
이스파한,Pasto Restaurant
이스파한,Ghasedak Cafe
이스파한,Pasio Cafe
이스파한,Farhang Cafe
이스파한,Sibil Coffee
이스파한,엥가랍 쇼핑센터
이스파한,애바시 쇼핑센터
이스파한,파크 쇼핑센터
이스파한,헤저 자리브 쇼핑센터
이스파한,카으웨 타워 쇼핑센터
이스파한,몰바리드 쇼핑센터
이스파한,Honar Gold Bazaar
이스파한,yavarpezeshk(mahdy vaez)
이스파한,Isfahan City Center
이스파한,Iran Art Gallery
이스파한,Emarat Goldasteh Mall
이스파한,Fadak Mall
이스파한,Zarparaan
이스파한,Eftekhar Shopping Mall
이스파한,Jashnvareh Shopping Mall
이스파한,Rajaei Shopping Mall
이스파한,Osun Shopping Mall
이스파한,Sepahan Shopping Mall
이스파한,이스파한 공항
이스파한,카샨 공항
쉬라즈,쉬라즈패티
쉬라즈,쉬라즈가언
쉬라즈,데쉬라즈 패티
쉬라즈,쉬라즈가언 카스바
쉬라즈,쉬라즈가언 모차리
쉬라즈,툼 오브 하페즈
쉬라즈,나시르 알 물크 모스크
쉬라즈,샤에체라그 영묘
쉬라즈,샤헤체라그 신전
쉬라즈,에람 정원
쉬라즈,루나 어뮤즈먼트 파크
쉬라즈,페르시안 굴프 쇼핑센터
쉬라즈,델고샤 가든
쉬라즈,KholdeBarin 공원
쉬라즈,바킬 바자르
쉬라즈,샤푸리 하우스
쉬라즈,아피프 아바드 가든
쉬라즈,네츄럴 히스토리 앤드 테크놀러지 뮤지엄
쉬라즈,베삿 공원
쉬라즈,자한 나마 가든
쉬라즈,시라즈 유니버시티 모스크
쉬라즈,파지랏 공원
쉬라즈,하르낙 + 착착 + 비둘기탑 일일 투어
쉬라즈,Haft Kahn Restaurant Complex
쉬라즈,Seray-e Mehr
쉬라즈,Shandiz Mashhad Restaurant
쉬라즈,Sharze Restaurant
쉬라즈,Street Lounge
쉬라즈,Kateh Mas Traditional Restaurant
쉬라즈,Baghe Raaz
쉬라즈,Ahmadi Restaurant
쉬라즈,Hammane Vakil Lizzi
쉬라즈,sara
쉬라즈,Taghche
쉬라즈,Screwchi's Nespresso Bar
쉬라즈,Qavam Cafe & Restaurant
쉬라즈,Shekarriz Icecream
쉬라즈,Niayesh Hotel restaurant
쉬라즈,Kachar Traditional Tea House
쉬라즈,Vakil Cultural House
쉬라즈,Shapouri Garden Traditional Restaurant
쉬라즈,아나히타 쇼핑센터
쉬라즈,파스 PC 센터
쉬라즈,네긴 파스 쇼핑센터
쉬라즈,세타레 파스 쇼핑센터
쉬라즈,Tandis Shopping Mall
쉬라즈,مرکز خرید آرین Arian Mall
쉬라즈,Eslami Mall
쉬라즈,Qaem Mall
쉬라즈,Pardis Mall
쉬라즈,Saadi Mall Shiraz
쉬라즈,Ahli Shopping Mall
쉬라즈,Naghmeh Shopping Mall
쉬라즈,ساختمان شیدا Sheida building
쉬라즈,Eram Shopping Mall
쉬라즈,Salim Shopping Mall
쉬라즈,Fars Mobile
쉬라즈,فروشگاه احتشام ehtesham super market
쉬라즈,Saadi Optic
쉬라즈,쉬라즈국제공항
헤라트,신단드
헤라트,라카투트
헤라트,러쉬
헤라트,어드라스칸
헤라트,샙자워
헤라트,아우베
헤라트,쿠시키 코나
헤라트,진다 얀
헤라트,고차레
헤라트,걸란
헤라트,지라키-무굴카
헤라트,삭술레이맨
헤라트,카루크
헤라트,고리안
헤라트,퍼쉬트코크
헤라트,마르와
헤라트,헤라트 성채
헤라트,تلویزیون ترقی - Taraqi TV
헤라트,Friday Mosque
헤라트,Ghaizan Sangar غیزان سنگر
헤라트,Takht-e-Safar Park.
헤라트,Herat Central Blue Mosque
헤라트,Khwaja Abdullah Ansari Shrine
헤라트,National Museum
헤라트,باشگاه ورزشی مبارزات آزاد MMA عدالت
헤라트,خوجه سربور khuja sarbor
헤라트,Blue Waves Sauna
헤라트,Osmani Swimming Pool
헤라트,Qala-e-sharbat
헤라트,Yu Aw Synagogue
헤라트,Da kakar qaria
헤라트,Baghche Mostofi
헤라트,Emam-Hassen eh Mojtaba
헤라트,Gazer Gah Sharif
헤라트,Padideh Restaurant
헤라트,Isteqlal Restaurant
헤라트,Sham Herat Restaurant
헤라트,hotal
헤라트,cafe shams
헤라트,Arman Cafe
헤라트,TAK PART CO LTD
헤라트,헤라트 공항
타슈켄트,치르치크
타슈켄트,타즈-투지작
타슈켄트,올말리크
타슈켄트,다차
타슈켄트,듀말락
타슈켄트,Angren
타슈켄트,Bekobod
타슈켄트,Chimgan
타슈켄트,태쉬라코샤크티
타슈켄트,Zarkent
타슈켄트,Parkent District
타슈켄트,Kim Pen Khva Kolkhoz
타슈켄트,Sukok
타슈켄트,Hojikent
타슈켄트,Yangiyul
타슈켄트,초르수 시장
타슈켄트,타슈켄트의 서울 국립공원
타슈켄트, 타슈켄트 TV 타워
타슈켄트,타슈켄트 동물원
타슈켄트,아미르 티무르 박물관
타슈켄트,우즈베키스탄 국립 역사 박물관
타슈켄트,독립 광장
타슈켄트,조이 볼링 클럽
타슈켄트,스크버 Im. 아미라 테뮤라
타슈켄트,타쉬켄트 레이크사이드 골프클럽
타슈켄트,자히리딘 무하메드 바부르 노미다지 마카지이 에코파크 
타슈켄트,타슈켄트 보태니컬 가든
타슈켄트,NBU 스타디움
타슈켄트,쿡사로이 대통령궁
타슈켄트,홀리 트리니티 St. 니콜러스 컨벤트
타슈켄트,미르조 울루스 헤이칼리
타슈켄트,아크트파 유누사바드
타슈켄트,Metro Taschkent
타슈켄트,타슈켄트 마이너 모스크 + 하즈라티 이맘 모스크 + 우즈베키스탄 성모승천성당 일일 투어
타슈켄트,타슈켄트: 기차로 사마르칸트 당일 여행
타슈켄트,타슈켄트: 점심 식사 및 호텔 픽업이 포함된 시티 투어
타슈켄트,우즈베키스탄 타슈켄트 아이미 티무르 광장 일일 투어
타슈켄트,쉐데버 가든
타슈켄트,"Restaurant SEOUL, 서울식당"
타슈켄트,Caravan
타슈켄트,Kamolon Osh Markazi
타슈켄트,Afsona Restaurant
타슈켄트,Bek Cafe
타슈켄트,GOSHT
타슈켄트,Khiva Restaurant
타슈켄트,Bla Bla Bar
타슈켄트,Steam Bar
타슈켄트,Arrows and Sparrows Cafe UZ
타슈켄트,Navvat
타슈켄트,Basilic Restaurant
타슈켄트,Qanotchi
타슈켄트,Toku
타슈켄트,Affresco
타슈켄트,City Grill
타슈켄트,The Irish Pub & Restaurant
타슈켄트,빈카트
타슈켄트,VET+ ZOO PLANETA
타슈켄트,Montelux элитные дверные ручки и замки
타슈켄트,“Afsona” savdo markazi
타슈켄트,"ХК ""UMMONABONU"""
타슈켄트,AVTO LINE ПЗМ Poytakht
타슈켄트,"Jomiy bozor, 178-do‘kon"
타슈켄트,AJVA XURMO
타슈켄트,Arkada
타슈켄트,SP PHONE (HAMZA)
타슈켄트,SP PHONE (Showroom)
타슈켄트,Adidas-Sport Куйлюк 5 маг.
타슈켄트,ТРК Atlas Yunusabad
타슈켄트,Aladdin Lux
타슈켄트,Sergeli avto kredit
타슈켄트,City Makon
타슈켄트,Zarafshan
타슈켄트,"""Artel"" xizmat ko‘rsatish markazi"
타슈켄트,타쉬켄트국제공항
알타이,알타
알타이,고비 알타이
알타이,알타이시
알타이,고르노알타이스크
알타이,구울린
알타이,Yesunbulag
알타이,Togrog
알타이,Tugrug
알타이,Togrogiin Ekh Bag
알타이,Bayantooroi
알타이,Durvuljin
알타이,Kafjord
알타이,알타이 유원지
알타이,알타이 산
알타이,신장 알타이 코코 토 하이 제 3 구덩이
알타이,알타이 타왕 보그드 국립공원
알타이,"알타이시, 탕 바 호수 워터 파크"
알타이,장군산 스키장
알타이,알타이 경기장
알타이,알타이 청소년 센터
알타이,탕바호
알타이,알타이시 구역 스키장
알타이,위린 공원
알타이,장군산 삼림공원
알타이,샤오둥거우 삼림공원
알타이,ATAI MOUNTAIN SNOW PARK+HELI-SKI
알타이,Altai Mountain Hot Spring National Forest Park
알타이,Aleitai Diqu Museum
알타이,Stone Forest
알타이,유레일 노르웨이 열차 패스 [공식 대리점
알타이,LE LE NANG KENG ROU DIAN
알타이,Langyaomei Hot Pot
알타이,Stakeriet Mat og vinhus
알타이,TRUFEL
알타이,Solntsepek
알타이,Taverna'n
알타이,Lukoshko
알타이,Studenthuset
알타이,El`Gran
알타이,Xiaosujiaoma Chicken
알타이,Aleitaishi'aiminihuimin Restaurant
알타이,Alkopolis 24
알타이,Restaurant Haldde - Thon Hotel Vica
알타이,Real
알타이,Oblepikha Cafe
알타이,Solnechnaya Polyana
알타이,Tikhiy Dvorik
알타이,Nikanorovna
알타이,백화점
알타이,백화점
알타이,화려한 쇼핑몰
알타이,시국 육방성
알타이,"Rare Stone City, Beitun'e River"
알타이,AMFI Alta
알타이,Puskas Musikk & Platebar
알타이,Parksenteret
알타이,Jinsheng Shopping Mall
알타이,goldlion
알타이,"Alterra, a trade group"
알타이,Jinchengfu Oils Store
알타이,Tsum
알타이,Rynok. Vse Tovary.
알타이,"Gk Mayak, Prodazha Elektrooborudovaniya. Santekhniki, Instrumenta"
알타이,"Berezka, Univermag"
알타이,Lokomotiv
알타이,Xiaoxu Vegetables Shop
알타이,알타이 공항
알타이,알타공항
알타이,아러타이공항
알타이,고 르노 알타이 스크 공항
우루무치,요하오루
우루무치,시후
우루무치,시내중심지구
우루무치,디워푸국제공항
우루무치,왕자량
우루무치,카즈완
우루무치,기차역
우루무치,개발구
우루무치,베이먼다스즈
우루무치,신장
우루무치,티엔샨구
우루무치,난먼얼다오차오
우루무치,신장위구르자치구(신장웨이우얼자치구) 박물관
우루무치,우루무치 천산대협곡
우루무치,신장 국제 대바자르
우루무치,다바자 보행자거리
우루무치,우루무치 식물원
우루무치,그랜드 바자 가무 저녁 파티
우루무치,우루무치 워터파크
우루무치,웨스트 스키 리조트
우루무치,우루무치 사원
우루무치,Guhya 염호
우루무치,오채만
우루무치,우루무치인민공원
우루무치,우루무치 미술관
우루무치,【우루무치】리차드 클레이더만 콘서트
우루무치,신강고생태원 한혈마기지
우루무치,훙산 공원
우루무치,우루무치 예술 극장
우루무치,우루무치에서 출발하는 개인 가이드 1일 투어: Tianshan Tianchi
우루무치,우루무치에서의 아마이케 당일치기 투어
우루무치,신장 개인 가이드 1일 투어: 우루무치 + 투르판
우루무치,우루무치 개인 가이드 1일 투어: 신장 위구르 자치구 박물관 + 홍광산 + 이르다오차오 그랜드 바자회
우루무치,우루무치에서 아마이케까지의 전방위적인 당일치기 투어
우루무치,점심을 먹은 우루무치에서 유연한 톨판 당일치기 투어
우루무치,우루무치에서 톨판까지의 전방위적인 당일 여행
우루무치,이도바시 시장을 포함한 전방위 우루무치 당일치기 투어
우루무치,우루무치 신장 지역 박물관 및 얼다오차오 시장 개인 일일 투어
우루무치,우루무치-투르판 개인 가이드 1일 투어: 6개 명소 중 2~3개 선택
우루무치,쉐라톤 호텔 앤드 웨스트 레스토랑
우루무치,북산 별명
우루무치,위 가문의 새끼
우루무치,ALI Love Gift
우루무치,TUMARIS HOTEL·Resraurant
우루무치,장춘 길 우호
우루무치,창푸궁
우루무치,청두 레스토랑
우루무치,SHI LIU HONG LE
우루무치,하미 빌딩
우루무치,770 THOUSAND YEARS
우루무치,Luxemon Xinjiang Hongfu Hotel·Restaurant
우루무치,YAOAYAO
우루무치,LOVELY XINJIANG
우루무치,ZUI MEI LA ZI JI(WEN YI LU DIAN)
우루무치,Mirage Hotel·Xinjiang Restaurant
우루무치,U CAFE
우루무치,메이미우호 쇼핑몰
우루무치,우이 쇼핑몰 센추리 골든마 쇼핑몰
우루무치,까르푸
우루무치,CC몰-타임스퀘어
우루무치,카라치
우루무치,우루무치 첨단기술 완다 플라자
우루무치,친절한 패션쇼핑센터
우루무치,우호 쇼핑몰
우루무치,푸룬더
우루무치,사우스 세 스타 라이트 야시장
우루무치,시단 쇼핑몰
우루무치,태백 쇼핑
우루무치,얼궁
우루무치,화링 시장
우루무치,왕푸징 백화점(우루무치 지점)
우루무치,로몬
우루무치,친절한 쇼핑몰
우루무치,디워푸국제공항
베이징,고북수진(구베이수이전)
베이징,궈마오
베이징,순이
베이징,화이러우
베이징,샹산
베이징,치엔먼
베이징,환러구
베이징,팡산
베이징,순이구
베이징,퉁저우구
베이징,옌샤
베이징,옌칭
베이징,톈안먼
베이징,스두풍경구
베이징,진송
베이징,유니버셜 베이징 리조트
베이징,갤럭시소호
베이징,춘후이위안 온천(춘휘원 온천)
베이징,베이징 가든 엑스포 공원
베이징,왕푸징
베이징,워터큐브 워터파크
베이징,구 베이징 펑칭 거리
베이징,고북수진
베이징,베이징 시위안 공원
베이징,중국국가박물관
베이징,베이징(북경) 란댜오(남조) 온천
베이징,뮤지컬 금면왕조
베이징,더 플레이스
베이징,호우 하이
베이징,바다링창청(팔달령장성)
베이징,이화원
베이징,베이징 지하도시
베이징,베이징 팔달령 만리장성 일일 투어
베이징,베이징에서 일일 투어
베이징,베이징 고북수향 일일 투어
베이징,베이징에서 꼭 방문해야 할 1일 투어
베이징,베이징에서 출발하는 무티엔위 만리장성 일일 투어
베이징,베이징 이화원 티켓 심층적인 역사 및 문화 투어 옵션 가이드 개인 그룹
베이징,베이징 쓰마타이 만리장성 일일 투어
베이징,베이징 무톈위 만리장성 일일 투어
베이징,베이징 고북수진 + 쓰마타이 만리장성 일일 투어
베이징,베이징 천단 여행 사진[청궁
베이징,베이징 고북수향 일일 투어
베이징,"베이징 자금성 여행 사진[중국 여행 : 청궁과 한복을 입고 사진 촬영 (선택 : 천단공원, 북해, 이화원)]"
베이징,베이징 자금성 티켓 투어 가이드 심층 문화 투어
베이징,베이징 자금성과 보물 박물관 반일 투어
베이징,베이징 팔달령 만리장성 일일 투어
베이징,베이징 동물원 + 이화원 일일 투어
베이징,"베이징 고궁 박물관 여행 사진[중국 여행 베이징 전통 한복 관광 사진 촬영 체험 (베이하이, 천단, 이화원)]"
베이징,구이 길거리 음식
베이징,오동나무
베이징,베이징 불가리 호텔 · IL RISTORANTE NIKO ROMITO
베이징,숨겨진 세상·쌓인 안뜰
베이징,하이디라오 핫팟
베이징,힐튼 베이징 왕푸징 호텔-서커우
베이징,로얄 아이스 큐브
베이징,로란 호수 레스토랑
베이징,피스 호텔 카베니 파 레스토랑
베이징,베이징 소원
베이징,신천방 레스토랑
베이징,안주 술집
베이징,베이징 판구 치싱 호텔 · 웬치 푸드 후이
베이징,훙차이팡(석원)
베이징,사대동당
베이징,화자이위안
베이징,탄저 두원
베이징,베이징 웨이허 야위안 로스트 덕 팡 (완다 플라자)
베이징,베이징 신세계 쇼핑몰
베이징,차오양 조이청
베이징,쇼핑몰 및 경통을 이끌다
베이징,갤러리 라파예트
베이징,베이징 화롄 룽베이춘 쇼핑 센터
베이징,베이징 훙산 거리
베이징,펑타이 완다 플라자
베이징,월마트(창추이루)
베이징,베이징 백화점
베이징,베이징 반도 광장
베이징,베이징 화롄 리바오 쇼핑 센터
베이징,베이징 케리 센터
베이징,"리제 톈 거리, 베이징"
베이징,샹인 (쌍안 쇼핑몰)
베이징,인타이 백화점(베이징 대홍문점)
베이징,산치 바이후이 상품 도시
베이징,베이징 고베 샵 클래식 가구 올드 스트리트
베이징,세계 쇼핑 센터 같은 곳에서
베이징,"중국의 과거, 현재, 미래를 보고 싶다면! 베이징 여행"
베이징,"최대 규모 베이징역, 베이징 남역의 모든 것 (티켓, 주요 노선 등)"
베이징,베이징 상하이 중국 고속철도 정보 및 시간표
베이징,다싱국제공항
베이징,수도국제공항
베이징,베이징 미윤 무 자유 종합 공항
베이징,톈진빈하이국제공항
베이징,정딩공항
톈진,천진 기차역
톈진,리무타이
톈진,천진(톈진)
톈진,지저우구
톈진,천진 서부 기차역
톈진,우칭구
톈진,사톈진
톈진,빈장다오
톈진,천진남역 지역
톈진,진난구
톈진,허핑구
톈진,허베이구
톈진,징하이구
톈진,징하이 투보 관광지구
톈진,바오디구
톈진,허둥
톈진,톈진(천진) 빈하이(빈해) 도서관
톈진,톈진 팡터환러스제(천진 방특환러세계)
톈진,톈진 도자기 박물관(츠팡쯔)
톈진,톈진 문화 센터
톈진,톈진 환러구(천진 환러곡)
톈진,톈진즈옌 관람차(천진지안마천륜)
톈진,톈진 평화 길 상업거리
톈진,톈진 콘서트 홀
톈진,톈진취안예창
톈진,톈진 대극장
톈진,톈진 워터파크
톈진,톈진동물원
톈진,톈진 수상공원-해피아일랜드
톈진,톈진 열대식물관광원
톈진,톈진 탕구 삼림 공원
톈진,톈진 아쿠아매직
톈진,천진 개인 가이드 야간 투어 하이허강 유람선 천진 기획전시관 천진의 눈 빈장로 보행자 거리
톈진,"세계에서 가장 큰 광장 중 하나인 베이징 천안문 광장 예약 티켓, 가이드 개인 투어 옵션"
톈진,자금성 입장권
톈진,베이징 자금성 티켓 투어 가이드 심층 문화 투어
톈진,"하이허 유람선, 도시 계획 전시관, 대관람차, 천진의 눈, 샤오바이러우 상업 거리가 포함된 천진시 개인 야간 투어"
톈진,중국관광비자 한국 서울에서 발급
톈진,개인 당일 여행: 베이징에서 열차로 천진으로
톈진,천진에서 출발하는 판산 개인 가이드 1일 투어
톈진,천진 개인 가이드 1일 투어 고대 문화의 거리 천진의 눈 진완 플라자 난시 음식 거리
톈진,금궐 사적지 프라이빗 심층 탐험 투어
톈진,"베이징에서 신칸센을 타고 천진 당일 여행: 도자기 집, 5대 거리, 대관람차, 천진 눈, 고대 문화 거리"
톈진,베이징 무티엔위 만리장성 전세 개인 그룹 1일 투어 (옵션 영어 운전사 및 영어 투어 가이드 포함)
톈진,영어 가이드와 함께하는 개인 자금성 투어
톈진,베이징 투어 가이드
톈진,"개인 천진 도시 밤 놀이, 해하 유람선"
톈진,베이징 자금성 티켓 심층 문화 투어 옵션 가이드 개인 그룹
톈진,베이징-천진 개인 가이드 1일 투어 도자기 집 5대도 천진 눈 대관람차 고대 문화 거리
톈진,톈진 리순더 그랜드 호텔-빅토리아 가든
톈진,천진 얼두
톈진,다길리-차오산 쇠고기 전골 (난카이 본점)
톈진,톈진 링오 음식 및 레저 거리
톈진,톈진 톈위 징룬 호텔
톈진,Deng·Shousi
톈진,NINE NICE
톈진,Cafe Yun (Shangri-La Hotel Tianjin)
톈진,Nice to Meet You Oyster Bar
톈진,Cafe Majestic
톈진,Bengdouzhang (guwenhuajie)
톈진,Six One Eight Restaurant
톈진,Wei Ding Xuan
톈진,Seven Restaurant
톈진,Maxim's De Paris
톈진,Riviera
톈진,KOKOROWA
톈진,Yan Chun Lou FanZhuang
톈진,톈진 빈하이 쇼핑 플라자
톈진,톈진만
톈진,톈진 이온 몰
톈진,톈진 샤오바오 밤
톈진,톈진 백화점(허핑루)
톈진,톈진 조이청
톈진,톈진 완샹청
톈진,톈진 즈루
톈진,피렌체 타운
톈진,톈진 하이창 폴라다이스 상업거리
톈진,까르푸
톈진,베이탕 해산물 시장
톈진,패션거리는
톈진,시관 거리 쇠고기 양고기 가게
톈진,톈진 두行 쇼핑몰
톈진,지우처 시티스퀘어
톈진,자이리 야채 시장
톈진,톈진 신옌샤 아울렛
톈진,톈진빈하이국제공항
톈진,수도국제공항
톈진,다싱국제공항
톈진,야오창국제공항
톈진,정딩공항
상하이,디즈니리조트
상하이,주가각
상하이,와이탄
상하이,충밍섬
상하이,푸동신구
상하이,위위엔
상하이,훙차오
상하이,푸둥
상하이,치바오구전
상하이,인민광장지구
상하이,스촨베이루
상하이,난후이
상하이,주쟈쟈오
상하이,징안구
상하이,쉬자후이
상하이,상하이 야생동물원-자이언트 팬더 홀
상하이,상하이라오지에
상하이,상하이 유리예술 박물관
상하이,상하이 디즈니랜드
상하이,상하이1930년대풍거리
상하이,상하이 영화세트장(상해 영시낙원)
상하이,상하이 자연사 박물관
상하이,주가각
상하이,상하이 서커스 월드
상하이,상하이 한샹수박원
상하이,리엔촨 오에도 온천 리조트(상하이 신좡 지사)
상하이,상하이 타워
상하이,와이탄 관광터널(외탄 관광터널)
상하이,상하이 자기부상열차
상하이,351m 우주 캡슐
상하이,우캉루 거리
상하이,티엔즈팡
상하이,황푸강 유람선
상하이,상하이 주지아자오 고대 마을 어트랙션+ 상하이 영화텔레비전 공원 일일 투어
상하이,상하이의 3시간 요리 여행: 현지 별미가 기다립니다
상하이,상하이 예원 옛거리 + 성황사 관광지 + 와이탄 + 황포강 야간 투어
상하이,상하이 루자쭈이+와이탄+예원 정원+난징루 보행자 거리+프랑스 조계지 후이신공세+ 옥불사 일일 투어
상하이,밴을 타고 상하이에서 출발하는 소주 개인 당일 여행
상하이,상하이 주지아자오 고대 마을 어트랙션 일일 투어
상하이,상하이 디즈니랜드 일일투어
상하이,프라이빗 상하이 이브닝 스트리트 푸드 & 크루즈 투어
상하이,상하이에서 차량으로 떠나는 편안한 수저우 하이라이트 프라이빗 투어
상하이,상하이 디즈니 리조트 + 디즈니 타운 + 주토피아 + 버즈 라이트이어 성간 구조대 + 플로트 퍼레이드 + 마블 히어로즈 본부 일일 투어
상하이,시대를 초월하고 현대적인 하이라이트를 둘러보는 상하이 프라이빗 풀데이 투어
상하이,상하이 시티 프라이빗 데이 투어
상하이,상하이에서 보트를 타고 Zhujiajiao Water Town으로 유연한 반나절 투어
상하이,상하이 와이탄 + 난징루 보행자 거리 + 인민광장 + 천애로 + 1933 옛 공장 + 신천지 일일 투어
상하이,"상하이 패스| 상하이 패스, 지하철 카드, 대중교통 카드, 어트랙션 입장권 결제, 슈퍼마켓에서의 편리한 쇼핑, 전국 330개 이상의 도시에서 보편적인 대중교통 이용 가능"
상하이,상하이 하루 종일 개인 가이드 투어
상하이,상하이 와이탄 + 예원 정원 + 옥불사 + 오강로 일일 투어
상하이,현지인처럼 먹기: 상하이 야간 음식 투어
상하이,루즈벨트 색계 바
상하이,하얏트 온 더 번드 · VUE 바의 매우 세련된 바
상하이,상하이 핑핑 호텔 룽펑홀
상하이,로비 라운지
상하이,도쿄 일식 선
상하이,상하이 불가리 호텔 · IL CIOCCOLATO
상하이,상하이 불가리 호텔 · 폴라 수안 중식당 바오 리 수안
상하이,반얀 트리
상하이,ROOF(The Shanghai EDITION)
상하이,고전적인 난징 이스트로드 번드 호텔 상하이 진장 메트로폴리스 · 웰링턴 유니버스
상하이,자스민 라운지
상하이,SHUN JI
상하이,상하이 불가리 호텔 · IL BAR
상하이,The Kitchen Table
상하이,상하이 No.1 해산물
상하이,왕바오허 레스토랑
상하이,오빠숯불구이
상하이,탕궁 해산물 가게
상하이,샤오상하이 보행자 거리
상하이,상하이 청훙차오 쇼핑몰
상하이,상하이 다카시마야 백화점
상하이,상하이 헝룽 플라자
상하이,상하이 특별 상업 거리 (창리 길)
상하이,항후이 헝룽 플라자
상하이,월마트(상하이 송장 송후이로)
상하이,그레이트 상하이 타임스 스퀘어
상하이,센추리 아시아 태평양 성후이 쇼핑 플라자
상하이,바이롄 시자오 쇼핑몰
상하이,왓슨스 (상하이 송장 중산로드)
상하이,난샹 인상 도시 상하이 MEGA
상하이,상하이 서성
상하이,상하이 청황묘 푸유먼 소형 상품 시장
상하이,상하이 디메이
상하이,상하이 타이화버드 기석 시장
상하이,상하이 골든 이글 인터내셔널 쇼핑 플라자
상하이,상하이 메이크업 선물 의류 시장
상하이,"훠궈부터 딤섬까지, 상하이 맛집 BEST 10 "
상하이,"상하이 여행 기본정보, 중국 비자부터 상하이 필수 관광지까지"
상하이,항저우 상하이 기차 여행 완벽 정리! 중국 고속철도의 모든 것
상하이,베이징 상하이 중국 고속철도 정보 및 시간표
상하이,푸동 국제공항
상하이,홍차오 국제공항
상하이,상하이관 공항
쑤저우,통리
쑤저우,루즈고진
쑤저우,양청호
쑤저우,타이후
쑤저우,쑤저우신구
쑤저우,관첸제
쑤저우,퉁리구전
쑤저우,쑤저우 공업원구
쑤저우,양청호
쑤저우,우장구
쑤저우,무두
쑤저우,기차역지구
쑤저우,스루
쑤저우,장자강
쑤저우,쑤저우 박물관
쑤저우,쑤저우 구윈허(소주 고운하)
쑤저우,퉁리구전(통리고진)
쑤저우,쑤저우 왕옌 온천
쑤저우,산탕구제(산당고가)
쑤저우,수샹스자수산(서향세가수산) 온천 리조트 호텔
쑤저우,브라더스 세계영화 테마파크
쑤저우,리우위안(유원)
쑤저우,양산스파리조트
쑤저우,줘정위안(졸정원)
쑤저우,후치우(호구)
쑤저우,천이탕천
쑤저우,"Jacky Cheung의 ""60+"" 투어 콘서트"
쑤저우,쑤저우(소주) 드림랜드
쑤저우,북사탑
쑤저우,서원사
쑤저우,한산쓰(한산사)
쑤저우,판먼
쑤저우,쑤저우 호추산 풍경구 + 한산사 + 유원 정원 + 산탕 거리 + 서원사 일일 투어
쑤저우,쑤저우에서 출발하는 무석 영산 대불 개인 일일 투어
쑤저우,쑤저우 개인 가이드 1일 투어 겸손한 행정가의 정원 한산사 핑장로 역사 지구 연꽃 정원 쑤저우 정원
쑤저우,쑤저우 개인 당일치기 여행 : 동리 고진 등
쑤저우,쑤저우 개인 가이드 1일 투어 쑤저우 정원 쑤저우 실크 박물관 고대 운하 저우좡 워터 타운
쑤저우,쑤저우와 주장 수향의 개인 당일 여행
쑤저우,쑤저우 호추산 풍경구 + 산탕 거리 + 북사탑 + 겸손한 관리자 정원 일일 투어
쑤저우,쑤저우 + 북사탑 + 겸손한 행정가의 정원 + 부부 정원 + 사자 숲 + 핑장로 역사지구 + 관첸제 + 이위안 일일 투어
쑤저우,쑤저우이 프라이빗 일일 투어: 저우좡 워터 타운
쑤저우,쑤저우 겸손한 행정가의 정원 + 핑장로 역사 지구 + 통리 고대 마을 일일 투어
쑤저우,쑤저우 호추산 풍경명승구 + 산탕 거리 + 겸손한 행정관 정원 + 쑤저우 박물관 일일 투어
쑤저우,쑤저우 망원 명장 + 베이징-항저우 대운하 + 반문 + 쿤산 저우장 일일 투어
쑤저우,쑤저우 개인 당일 여행
쑤저우,쑤저우 + 겸손한 행정가의 정원 + 사자 숲 + 핑장로 역사지구 + 동문 + 진지호 일일 투어
쑤저우,"쑤저우 프라이빗 당일치기 여행 : 쑤저우 박물관, 졸정원, 히라에로"
쑤저우,쑤저우 개인 당일치기 여행 : 주장 등
쑤저우,쑤저우 + 겸정원 + 사자숲 + 핑장로 역사지구 + 관전가 + 쌍탑사 일일 투어
쑤저우,쑤저우 겸손한 행정가의 정원 + 핑장로 역사 지구 + 한산사 일일 투어
쑤저우,통리후 리조트 (2 단계)로비 바
쑤저우,소주 소골리 호텔 바 소울
쑤저우,토니 로 램 버그니 슈 유안 호텔 수 멘팡
쑤저우,쑤저우 시하오 인터내셔널 호텔 · 시하오 수안 레스토랑
쑤저우,카니발 호텔 (우장 지점)
쑤저우,후이저우 푸드 코트(쑤저우 SM 시티 플라자 쇼핑 센터)
쑤저우,신메이화 (번화 센터)
쑤저우,선전
쑤저우,쑤저우 닛코 호텔 이그제큐티브 라운지
쑤저우,쑤저우 유핑 게스트 하우스 컨퍼런스 센터
쑤저우,JIANGNAN DELICACY
쑤저우,Suzhouzhoujijiudian·jinquanri Restaurant (wangdunlu)
쑤저우,SU YAN
쑤저우,Song helou
쑤저우,쑤저우 태호 수성 요트 클럽 바
쑤저우,Hua Chi 88
쑤저우,Xin JuFeng
쑤저우,LUZHENXING
쑤저우,아우틀레슈트라스 쇼핑 플라자
쑤저우,쑤저우 중심가
쑤저우,소주 이오 라이 아울렛
쑤저우,쑤저우 싱후 톈 거리
쑤저우,우위에 광장
쑤저우,공급 및 판매 협력 쇼핑몰
쑤저우,우위에 쑤저우 고속철도 광장
쑤저우,모미 카페
쑤저우,시티스퀘어(SM)
쑤저우,돈 완리차오 소형 상품 시장
쑤저우,우장 완샹후이
쑤저우,패션 무대 아울렛
쑤저우,룽후 시산 천지 생활 광장
쑤저우,둥우러샹후이
쑤저우,시루 보행자거리
쑤저우,화룬 완지아
쑤저우,메이뤄 백화점
쑤저우,중국 기차 시간표 : 인기 노선과 예약 정보 최식 소식!
쑤저우,쑤난숴팡국제공항
쑤저우,푸동 국제공항
쑤저우,루커우국제공항
쑤저우,이우공항
쑤저우,리서국제공항
쑤저우,샤오산국제공항
쑤저우,홍차오 국제공항
쑤저우,타이저우공항
쑤저우,푸퉈산공항
쑤저우,난양공항
쑤저우,싱둥공항
쑤저우,번뉴공항
항저우,천목산
항저우,시시
항저우,첸장
항저우,천도호
항저우,린핑
항저우,동부기차역
항저우,샤오산구
항저우,우린
항저우,시후구
항저우,지우바오
항저우,푸양구
항저우,톈무산(천목산) 관광지구
항저우,저시다샤구(절서대협곡) 관광지구
항저우,시후
항저우,샤오산국제공항-인근지구
항저우,윈허
항저우,항저우 윈만온천
항저우,우린
항저우,항저우 룽우다촌
항저우,탕치 고대도시
항저우,링인쓰(영은사)
항저우,항저우 야생동물원(항주 야생동물세계)
항저우,인상시후(인상서호) <최억시항주> 공연
항저우,퇀커우중안둥 온천(단구중안동 온천)
항저우,꿈속에서 꾸는 듯 하다
항저우,항저우 쑹청관광지(항주 송성관광지)
항저우,칭허팡제(청하방가)
항저우,센보 판타지 아일랜드
항저우,항저우 동물원(항주 동물원)
항저우,후빙루 보행자 거리
항저우,항저우 대운하 야경 크루즈
항저우,첸탕강 야간투어
항저우,우산(오산) 야시장
항저우,항저우 랜드
항저우,항저우 윈샹 초원에서 출발하는 개인 가이드 1일 투어
항저우,"항저우 시티 투어: 서호, 궈 정원, 허팡 거리 등"
항저우,항저우 Nanxun 고대 마을에서 출발하는 개인 가이드 1일 투어
항저우,저장성 항저우 헬로키티 파라다이스 일일 투어
항저우,항저우에서 출발하는 시탕 고대 마을 개인 가이드 1일 투어
항저우,항저우 개인 투어: 도시 최고의 관광명소 발견
항저우,개인 여행 : 항저우 차 문화 당일 여행
항저우,상하이에서 고속열차로 즐기는 항저우 프라이빗 투어
항저우,항저우에서 Qiandao Lake로 개인 이동
항저우,항저우에서 출발하는 첸다오호 개인 가이드 1일 투어
항저우,항저우 개인 가이드 1일 투어 서호 궈좡 윈치 대나무 길 칭허팡 거리
항저우,항저우 출발 시탕 워터 타운 개인 야간 투어 (저녁 식사 포함)
항저우,항저우 서호 풍경구 일일 투어
항저우,임프레션 웨스트 레이크 쇼 티켓 : 항저우의 지속적인 추억
항저우,반나절 항저우 윈시 대나무 숲과 차 농장 체험
항저우,"항저우 일일 투어 서호, 영은사, 뇌봉탑, 용정 차밭"
항저우,항저우 개인 가이드 반나절 투어 Yunqi Bamboo Trail Longjing Tea Fields
항저우,개인 항저우 하루 관광 투어
항저우,야외에서 하는 개인연회·유리집
항저우,하이디라오 핫팟
항저우,퀸즈 바
항저우,경춘 박문
항저우,황루 재즈 클럽
항저우,푸춘 샨주 리조트 호텔 – 레이크 랑주
항저우,로레샤두르
항저우,황룽 해산물 마구간
항저우,스리팡페이
항저우,무하 (서호 란자완 지점)
항저우,WATERLIGHT COURT
항저우,후칭위탕 약膳
항저우,비행조의 집
항저우,항저우 운하 탕 치 래디슨 매너 • 유원 중식당
항저우,404 CLUB
항저우,Dong Yi Shun Restaurant· Halal( Gao Yin Street )
항저우,항저우 지에바이 쇼핑 플라자
항저우,후빈 인 타이 IN77
항저우,절강 Qianjiang 의류 소형 상품 시장
항저우,항저우 아울렛 국제 명품 쇼핑몰
항저우,스나노보트 국제라이프스스퀘어
항저우,중국 실크 시티
항저우,항저우 맨션 쇼핑 센터
항저우,항저우 빌딩 시티 플라자 (501)
항저우,헝룽
항저우,항저우 케리 센터
항저우,사계청 부티크 여성복 시장
항저우,야채 도매 거래 시장
항저우,왓슨스
항저우,항저우 완다 플라자
항저우,항저우 조이 시티
항저우,천목리
항저우,상제 운하 쇼핑몰
항저우,인타이 백화점(항저우 문화광장)
항저우,항저우 상하이 기차 여행 완벽 정리! 중국 고속철도의 모든 것
항저우,"광저우 항저우 기차 여행 A to Z, 항저우 여행을 떠나요"
항저우,중국 기차 시간표 : 인기 노선과 예약 정보 최식 소식!
항저우,샤오산국제공항
항저우,쑤난숴팡국제공항
항저우,푸동 국제공항
항저우,이우공항
항저우,루커우국제공항
항저우,융창공항
항저우,리서국제공항
항저우,홍차오 국제공항
항저우,타이저우공항
항저우,푸퉈산공항
항저우,싱둥공항
항저우,번뉴공항
항저우,젠더 첸다오호 일반 공항
선전,둥먼
선전,완샹청
선전,푸톈구
선전,핑후
선전,다샤오메이샤
선전,서커우
선전,난아오
선전,관란
선전,처공먀오
선전,화챠오청
선전,황강항구-선전
선전,남산구
선전,관란-선전
선전,쑨강
선전,화창
선전,시리
선전,둥먼라오지에
선전,선전 야생동물원(심천 야생동물원)
선전,세계지창
선전,간컹하카마을
선전,레고랜드 리조트
선전,대붕소성
선전,둥부화이차오청다샤구(동부화교성대협곡)
선전,심천 도서관
선전,선전 환러구
선전,셔커우항 주하이 페리
선전,센트럴 파크
선전,쇼핑 파크 지하철 비즈니스 거리
선전,선전 빈하이 아트 센터
선전,중국민속문화촌
선전,얼음이 만상 스케이트장
선전,스타필드 호시노
선전,차웅구전
선전,[홍콩-선전 고속] 홍콩에서 선전 Qianhai Sam's Supermarket까지 국경 직행 버스(티켓 불필요)
선전,Eatwith Sharing Moment-선전-음식 투어로 여러분을 안내하고 전염병 이후 선전의 틈새 도시 문화와 스낵을 탐구합니다.
선전,심천
선전,Shanghai Yang Peiming 선전 포스터 아트 컬렉션 설명 서비스
선전,[홍콩-심천 고속도 일주 중국-홍콩 링크] 홍콩-선전만 항구 왕복 국경 간 직행 버스(티켓 불필요)
선전,중국 + 선전 야생동물 공원 + 선전 환락곡 + 세계지창 + 선전만 공원 일일 투어
선전,【타임 특가 혜택|홍콩 공항철도 크로스보더 리무진】선전 푸톈 황강 국경에서 홍콩 국제공항까지 차량 티켓 (티켓 수령 불필요)
선전,[홍콩 공항 고속 국경 간 버스] 홍콩 국제 공항에서 선전 푸텐 황강 항구까지 티켓 (직접 확인을 위한 QR 코드)
선전,프론트뱅크 인터내셔널 호텔-맨해튼 뷔페 레스토랑
선전,쉐라톤 호텔 · 시리 샹 잔
선전,화양 레스토랑 (서커우 지점)
선전,정제 농장
선전,선전 메이룬 애스콧 서비스 아파트먼트
선전,리바오거
선전,Xiao Nanyang Restaurant
선전,The Azure @ InterContinental Shenzhen Dameisha Resort
선전,Platanus café
선전,Lobby Lounge InterContinental Shenzhen Dameisha Resort
선전,HEPBRUN CLUB
선전,Yun Jing
선전,The Glasshouse
선전,"Cafe Zen, Futian Shangri-La Hotel, Shenzhen"
선전,Elba Italian Restaurant
선전,Hyatt Regency Shenzhen Yantian·Seafood Barbecue Buffet
선전,선전 톈샹 티엔디
선전,선전 골동품 시티
선전,노보 컨셉 몰
선전,중서각 (해피 하버 지점)
선전,코코 파크
선전,둥먼딩 광장
선전,선전 극장
선전,후이강
선전,반코리
선전,코코파크
선전,코코 시티
선전,KK 몰 징기 베나 공간
선전,난산 해피송 쇼핑몰
선전,징지바이너 플라자
선전,완샹청
선전,월마트
선전,유럽 시티
선전,중국 기차 시간표 : 인기 노선과 예약 정보 최식 소식!
선전,중국의 실리콘벨리로 떠나요! 중국 심천 여행 
선전,"심천역, 중국 남부 여행의 출발점의 모든 것!"
선전,바오안국제공항
선전,바이윈국제공항
선전,제양 차오산 국제공항
선전,후이저우 공항
선전,산자오공항
광저우,샤미엔다오
광저우,하이주
광저우,톈허구
광저우,화두 상업지구
광저우,판위구
광저우,주장
광저우,웨슈구
광저우,하이주구
광저우,화두구
광저우,판위
광저우,파저우
광저우,광저우 창룽관광리조트
광저우,바이윈구
광저우,바이윈산
광저우,바이윈황스
광저우,황푸구
광저우,광저우 대불사
광저우,상샤쥬 보행자 거리(상하구 보행자 거리)
광저우,인터컨티넨탈 후이저우 리조트 온천
광저우,창룽 국제 서커스 대극장
광저우,충화 비수이완 온천
광저우,펄 리버 나이트 크루즈
광저우,광저우 리즈완 유람선
광저우,창룽 야생 동물원
광저우,사몐(사면)
광저우,하이신샤섬
광저우,침롱 파라다이스
광저우,광저우 룽창 파라다이스
광저우,중화 타이베이 온천 & 스파
광저우,광저우 융창 스포츠 세계
광저우,삼림해 온천
광저우,광저우 트윈시티 2층버스
광저우,광저우타워(광주탑) 관람차
광저우,광저우 타워(광주탑)
광저우,광저우 프라이빗 일일 투어: 구롱 협곡 & 유리 다리
광저우,광저우에서 출발하는 잉시 회랑 및 동굴 페어랜드 프라이빗 일일 투어
광저우,광저우 구롱 협곡 및 동굴 페어랜드 투어
광저우,광저우 바오모 정원 + 사완고성 + 연화산 관광지 + 위인산팡 일일 투어
광저우,광저우 개인 가이드 1일 투어 시시 성심성당 진씨 조상 사당 사면 융칭팡 황포군관학교 옛 유적지 기념관
광저우,광저우 개인 당일 치기 여행 : 고룡 협곡 유리 다리와 폭포
광저우,광저우 구롱협 개인 일일 투어
광저우,[광동 전역 맞춤형 전세 차량 픽업
광저우,광저우 개인 가이드 1일 투어 잉시봉 삼림회랑 동굴 원더랜드
광저우,광저우 칭위안 출발 개인 가이드 1일 투어 아오위안 잉더 초콜릿 파라다이스 초콜릿 킹덤 리조트 지칭리 홍차 계곡
광저우,광저우 칭위안 출발 개인 가이드 1일 투어 동굴 천국 원더랜드 펑린샤오 타운 샤오자오저우 다리
광저우,카이핑 디아오로치칸 화교 고대 마을 광저우에서 개인 가이드 1일 투어
광저우,"광저우 칠성암, 자오칭 싱후 호수, 자오칭 웨장 층 개인 일일 투어"
광저우,"광저우 개인 일일 투어 Kaiping Diaolou, Zili Village Watchtower Group, Liyuan Garden"
광저우,1일 광저우 관광 투어
광저우,광저우 개인 투어: 주강 나이트 크루즈
광저우,광저우 개인 가이드 1일 투어 Chen Clan Ancestral Hall Shamian 남월왕 Yongqingfang 박물관
광저우,사해의 한 집안의 고급 광둥 요리
광저우,쉐라톤 호텔 광저우 린란후이 뷔페 레스토랑
광저우,세가 다
광저우,펄 라운지
광저우,Huayueting 과일 나무 구운 오리 (Tianhui IGC 스토어)
광저우,광저우 레스토랑 리커우 푸 (스루 지점)
광저우,사당 앞의 얼음실
광저우,헤번 바
광저우,사해마술 한사 농장 레스토랑
광저우,후이 푸드 지아 (동풍 지점)
광저우,광저우 원허우
광저우,Hilton Guangzhou Tianhe · Non-suckle Buffet
광저우,두더
광저우,광저우 만다린 오리엔탈 호텔 · 하얏트 플래티넘 레스토랑
광저우,웨후 맨션
광저우,MEGA CLUB (Guangzhou)
광저우,광저우 톈허청 쇼핑 센터
광저우,패션 톈허 상업 광장
광저우,삼협회
광저우,샘 회원가게
광저우,이파 상업거리
광저우,모던 백화점
광저우,주광 시장
광저우,팡춘 찻잎 도매 시장
광저우,광저우 무한극 광장
광저우,나는 너를 정말로 그리워한다 (광저우 NO.0959)
광저우,타임스 스퀘어-톈허베이루
광저우,만링후이
광저우,광저우 룽창마오
광저우,원큐팡 광장
광저우,요요이청
광저우,렌렌 지아 쇼핑 시티
광저우,중국 기차 예매 방법과 준비물 및 꿀팁 총정리!
광저우,"광저우 홍콩 기차 여행 | 시간표, 첫차막차, 소요시간, 예약방법"
광저우,"광저우 항저우 기차 여행 A to Z, 항저우 여행을 떠나요"
광저우,중국 최신 입국정보 및 중국여행 추천 BEST5
광저우,중국 입국정보 안내 및 중국 주요여행지 가볼만한곳 총정리
광저우,중국 기차 시간표 : 인기 노선과 예약 정보 최식 소식!
광저우,중국 기차여행 인기 도시 TOP 7
광저우,바이윈국제공항
우한,한커우
우한,추허한제
우한,한코우
우한,홍샨구
우한,한커우
우한,칭산
우한,제다오커우
우한,우창기차역 지구
우한,우창구
우한,왕자완
우한,둥시후
우한,신저우
우한,한양구
우한,황피-무란산
우한,중난
우한,장샤강하-창룽다오
우한,장한루 보행자거리(강한로 보행자거리)
우한,지칭지에
우한,무란톈츠(목란천지)
우한,우한(무한) 양강 유람(야유장강)
우한,초하한가
우한,이케아 얼음왕국
우한,이탈리아 풍경거리
우한,황허러우(황학루)
우한,한쇼 극장
우한,지음호 크루즈
우한,둥후 유람선
우한,월드시티 - 광구 산책로
우한,동호낙안경구
우한,우한 환러구(무한환러곡)
우한,무란칭량자이(목란청량)
우한,우한동물원
우한,우한 가든엑스포
우한,후베이성 우한 한커우강 해변 일일 투어
우한,후베이성 우한 모산동호 어트랙션 일일 투어
우한,쉬저우+운룡호 어트랙션+건륭궁(허핑로)+쉬저우한문화 어트랙션+서마타이 일일 투어
우한,우한 영어 투어 가이드
우한,우한에서 출발하는 류자차오 마을과 인수이 동굴 개인 당일 여행
우한,실제 우한 도시 탐험 CITY WALK [ 한커우강 해변의 오래된 건물 가이드 중화 민국 시대의 옛 한커우로 돌아가는 시간과 공간을 안내합니다.] [A선]
우한,호북성 박물관 + 동호벚꽃원 + 우한문화관광그룹·양쯔강 야간 투어 일일 투어
우한,후베이성 박물관 + 동호 벚꽃 정원 + 우한대학교-뤄자산 일일 투어
우한,Hujin Restaurant • Lijinxuan
우한,샤 캐서롤
우한,국빈 빌딩
우한,"리 사면 가게의 강변 지구, 우한시"
우한,FOREVER CLUB
우한,황린 프린스 와인 슈안 (금융 매장)
우한,PIZZA SMITH
우한,Cafe Wu
우한,Water Heven
우한,Niuzheshaorouzhuanmendian (xiangganglu)
우한,FuRong Tang
우한,NO.1 RESTAURANT
우한,Ying Yue WuTong Xin TaiWan Indian Restaurant
우한,우한 이공 남호 캠퍼스 Yueyuan 카페테리아
우한,5% Villa Restaurant
우한,Yan LaoYao ShaoMai
우한,우한 국제 플라자
우한,우한 톈 거리
우한,한상우전
우한,우한 광장
우한,우한단 풀 생산 자료 시장
우한,한정제(한정가) 소형 상품 시장
우한,월마트-우한 왕자완 지점
우한,빌라 사진 한가 패션 홀
우한,우한 웨이 지아 다낭 시티
우한,한커우리 상업거리
우한,우한 무어 시티-왕자완 지점
우한,완다광장
우한,월마트-우한 마창코오
우한,우한 러두후이 패션 쇼핑몰
우한,한상 긴자 쇼핑몰
우한,우한 천지방 남관
우한,우한 장강 톈 거리
우한,우한 화난 과일 도매 시장
우한,톈허국제공항
우한,Wuhan Hannan General Airport
시안,시안친링
시안,시먼
시안,기차역
시안,디엔즈청
시안,린통구
시안,투먼
시안,링통빙마용
시안,시샤오먼
시안,난먼
시안,창안구
시안,다탕시스
시안,중구러우
시안,남부-샤오자이지구
시안,싼차오
시안,진시황 병마용 박물관
시안,<장한가(장헌거)>공연
시안,대당 불야성
시안,산시 역사박물관(섬서역사박물관)
시안,남오대
시안,영흥방
시안,후이민제(회민가)
시안,시안 종루
시안,바이루위안 스키 리조트
시안,시안(서안) 칭수이만(청수만)∙러탕후이(악탕휘) 온천
시안,시안 넬바오 패밀리 센터
시안,시안성벽(서안성장)
시안,태평국가삼림공원
시안,다옌탑 북광장 음악분수
시안,린퉁 앙사나 온천
시안,시안구러우(서안고루)
시안,대안탑
시안,상자묘
시안,시안 화산 산악 모험 프라이빗 데이투어
시안,시안 출발 산시성 황하 후커우 폭포 개인 가이드 1일 투어
시안,시안 화산 어드벤처 1일 투어(WEST UP&NORTH DOWN) (XA-MT)
시안,시안 개인 가이드 1일 투어 화산 화산 판자 길
시안,시안 진시황릉 박물관(병마용)+대안탑+시안 성벽+회족거리+화칭궁 일일투어
시안,시안 황제 진시황릉 박물관(병용마와 병마용) 반나절 투어
시안,고속 열차로 시안에서 낙양과 소림사로 당일 여행
시안,점심 식사가 포함된 시안 병마용 일일 투어 및 선택 가능한 도시 명소
시안,시안 개인 가이드 반나절 투어 병마용
시안,시안화산 개인 당일치기 여행
시안,청두-시안 개인 가이드 1일 투어 병마용
시안,프라이빗 플렉시블 시안으로의 당일치기 투어
시안,시안 프라이빗 데이 투어
시안,시안 진시황릉 박물관(병마용) + 시안 성벽 일일 투어
시안,시안화산 당일치기 투어
시안,폴리네시안 온천 반나절 투어
시안,시안 프라이빗 야간 투어 - 당나라 의상을 입고 당나라의 찬란한 도시 야간 투어
시안,"시안 진시황릉 박물관 병마용과 말 화청지 개인 가이드 1일 투어 옵션 영어, 프랑스어, 독일어, 이탈리아어, 러시아어, 일본어, 한국어 및 기타 언어 투어 가이드"
시안,주어러푸 호텔 웨시 레스토랑
시안,시안 레스토랑
시안,반야
시안,시안 티베트 빌딩 카이 위안 밍두 호텔 · 뷔페 레스토랑
시안,제인의 정원
시안,Yole Singing&Dancing Club·7Cups
시안,Isola del Nord Italy Restaurant
시안,A11 EX CLUB
시안,XI'AN RESTAURANT
시안,Zui Chang'an (Belfry Branch)
시안,Xi'an Jiasan Stuffed With Juicy Pork Baoziguan
시안,De Fa Chang Restaurant
시안,Tangmao Courtyard Night Banquet Chang'an
시안,Hu Pan
시안,Laobaijia Shuipen Mutton
시안,CHANG AN CLUB
시안,Qingzhen·lilaosanlaniuroujiamo (bianjiacun)
시안,이펑청
시안,시안 샹하이 거리
시안,시안 유에슈 시티
시안,하마이 메이 (시안 샤오자이)
시안,시안 카오탕 아울렛 쇼핑 플라자
시안,Qianbi (시안 다룽청)
시안,투먼 시장
시안,시안 치우린 길상 맨션
시안,시안 티안왕 쇼핑 플라자
시안,신축 종합 시장
시안,첫 번째 아울렛
시안,시안 대도
시안,얀타
시안,서가완 시장
시안,시티온시디강-시안
시안,투먼
시안,중국 기차여행 인기 도시 TOP 7
시안,중국 문명의 발상지인 중국 시안의 모든것
시안,셴양국제공항
시안,로시안미션 공항
충칭,제팡베이
충칭,선녀산 관광지구
충칭,펑제백제성
충칭,비산
충칭,위중구
충칭,바궈청
충칭,베이베이
충칭,우룽구
충칭,사핑바
충칭,완성
충칭,퉁량
충칭,다주구
충칭,바난
충칭,다핑
충칭,스차오푸
충칭,난안구
충칭,롱후이 온천
충칭,무릉 천생삼교(우룽톈성싼차오)
충칭,보롄 리조트 & 스파 충칭
충칭,홍애동 상업가(훙야둥상예제)
충칭,줘수이구전
충칭,훙언스 삼림 공원
충칭,충칭 북 온천
충칭,충칭 음식거리
충칭,하이탕샤오웨
충칭,양쯔강 유람선
충칭,백상거
충칭,나한사
충칭,충칭 대한민국 임시정부 유적지
충칭,장강 케이블카(장강삭도)
충칭,충칭 수중 세계
충칭,장강 삼협
충칭,다쭈스커(대족석각)
충칭,제팡베이 보행자거리(해방비 보행가)
충칭,꼭 방문해야 할 모든 장소를 포함한 프라이빗 올인클루시브 충칭 시티 데이 투어
충칭,"충칭 데이투어: 치치커우 옛마을, 홍야동 및 인민대극원"
충칭,우롱 지질 공원과 우롱 티앙컹 세 다리로의 충칭 개인 일일 투어
충칭,충칭 출발 우롱 톈셩 3교와 요정산으로 가는 개인 올인클루시브 일일 투어
충칭,"충칭 삼협박물관, 츠치커우, 장강 케이블카, 제팡베이 프라이빗 일일 투어"
충칭,충칭 출발 Dazu Rock Carvings 개인 가이드 1일 투어
충칭,"충칭 리지바 공원, 동물원, 에링 공원, 충칭 극장, 홍야 동굴 개인 일일 투어"
충칭,충칭 우롱 국립공원 개인 가이드 당일 여행
충칭,충칭 교통 찻집 + 그래피티 거리 + 충칭 후광 길드홀 + 제팡베이 보행자 거리 + 충칭 시바티 전통 스타일 지역 일일 투어
충칭,충칭 우롱 탐험 프라이빗 데이 투어 (점심 식사 포함)
충칭,충칭 개인 가이드 1일 투어 Wulong Karst Tourist Area Wulong Tiansheng Third Bridge
충칭,충칭 우타카의 당일치기 탐색
충칭,충칭 + 유인산 + 유인산 폭포 + 중산고성 일일 투어
충칭,기차로 충칭에서 출발하는 프라이빗 올인클루시브 청두 판다 베이스 & 러산 대불 일일 투어
충칭,충칭 개인 가이드 1일 투어 Wulong Karst Tourist Area Wulong Tiansheng Third Bridge
충칭,충칭 제팡베이 보행자 거리 + 짜쯔 동굴 + 리지바 경전철역 + 바이 공관 + 다채로운 골목 일일 투어
충칭,충칭에서 출발하는 우롱 카르스트 지질공원 프라이빗 일일 투어
충칭,개인 도착 또는 출발 환승: 충칭 기차역에서 충칭 시티 호텔까지
충칭,충칭 은거 구링 아트 갤러리 호텔 · 은거 전망 레스토랑
충칭,바이 일루 맛있는 거리
충칭,산 꼭대기에서 HILLTOP TIME
충칭,충칭 멜리아 호텔 SASA
충칭,충칭 리아오 보다 해산물
충칭,훙야둥
충칭,충칭 니그로 호텔. 하얏트 갤러리 티 라운지
충칭,저우시지 충칭 핫팟
충칭,Guanyinqiao 맛있는 거리
충칭,Suzie's Sky Bar
충칭,바피 페스티발
충칭,소호
충칭,DNA CLUB
충칭,충칭 이코사 호텔 · 다오 허위에 잔치 레스토랑
충칭,소피텔 향기로운 서양식 레스토랑 뷔페 저녁 식사 (소피텔 키)
충칭,Guaxixi Hot Pot
충칭,충칭 금연 쇼핑몰
충칭,충칭 유베이 우위에 광장
충칭,충칭 용호 천지에서 유래
충칭,"충칭 Hechuan 지구, 후이 진 후이 진 보행자 거리의 세 마을"
충칭,베이청톈제 쇼핑 플라자
충칭,스타라이트 타임스 스퀘어-난핑
충칭,중싱 도로 옛 상품 거래 시장
충칭,창자후이
충칭,월마트 (충칭 골든 포트 인터내셔널 스토어 2)
충칭,완다 백화점(충칭 난핑 완다)
충칭,충칭 대도구 완샹후이
충칭,충칭 반안 완다 플라자-쇼핑몰(위난대로)
충칭,충칭 서간 거래 시장
충칭,충칭 조이청
충칭,충칭 이우 소형 상품 도매 시장
충칭,충칭 타임스 스퀘어
충칭,하얏트 쇼핑 센터 (랑가오 하얏트 국제 비즈니스 빌딩 남서)
충칭,중국 기차 예매 방법과 준비물 및 꿀팁 총정리!
충칭,장베이국제공항
충칭,청두 톈푸 국제공항
충칭,솽류국제공항
충칭,량핑공항
충칭,충칭 우산 공항
충칭,저우바이공항
충칭,난자오공항
충칭,환저우우차오공항
충칭,Chongqing Xiannvshan Airport
청두,춘시루
청두,판다생태공원 지역
청두,우호우구
청두,위린
청두,수이니엔허
청두,이핀톈샤
청두,솽류
청두,뤄다이
청두,신두
청두,두푸차오당지구
청두,솽류구
청두,홍파이러우
청두,뤄다이구전
청두,화양
청두,진리
청두,원슈팡
청두,청두 자이언트 판다기지
청두,청두 U37 아이디어 창고
청두,청두 IFS 조소 정원
청두,전설의 “부용국수” 천극 공연
청두,샹샹샹
청두,진리구제(금리고가)
청두,서 유린 길
청두,쿠이싱로우지에 거리
청두,낙대고진
청두,"가이완얼∙리위안차관(개완아·이원다관, 쓰촨 전통극 변검 공연장)"
청두,황룽시(황룡계)
청두,【청두】Ayumi Hamasaki 콘서트 투어
청두,청두 폴라 오션파크
청두,콴자이샹즈(관착향자)
청두,두보초당(두푸차오탕)
청두,톈푸 플라자
청두,청두 톈푸 미술관
청두,청두 러산 대불(보트 여행 포함)
청두,청두 프라이빗 올인클루시브 일일 투어: 판다 + 문수사 + 인민공원 + 관자이 골목
청두,청두에서 신칸센을 타고 황룡 국립공원으로 개인 일일 투어
청두,청두에서 고속열차를 타고 에메이산 산으로 가는 개인 일일 투어
청두,청두 출발 낙산 대불 황룡시 고대 마을 개인 가이드 1일 투어
청두,청두에서 개인 차량으로 러산대불까지 당일 투어
청두,청두 개인 가이드 1일 투어 친타이 로드 인민 공원 찻집 Sendxian Bridge 청두 문화 공원
청두,청두에서 어메이산 프라이빗 데이투어
청두,청두 낙산대불 개인 가이드 1일 투어
청두,도시 최고의 명소를 포함한 청두 옛거리 프라이빗 일일 투어
청두,청두-시안 개인 가이드 1일 투어 병마용
청두,청두 + 두장옌 어트랙션+ 삼성퇴 박물관 일일 투어
청두,"청두에서 열리는 쓰촨 문화 오페라 쇼, 얼굴 바꾸기와 불 뿜기"
청두,툭툭을 타고 청두 프라이빗 일일 투어 저녁 음식 투어
청두,반나절 청두 팬더 사육 센터 투어
청두,잃어버린 마을의 차촌과 대불 당일 여행
청두,청두 출발 에메이산 산으로 가는 개인 올인클루시브 일일 투어
청두,청두 팬더 연구 기지 입장권
청두,야오쯔
청두,오래 된 집 화수 1 년 레스토랑 (톈푸 산제 거리)
청두,청두 푸드 스트리트
청두,도원에 살기 위해 방방하다
청두,얕은 물결이 모이는 회관
청두,Houtang Old Hot Pot (Taikoo Li  Flagship Store)
청두,쌍류 모토 토끼 머리
청두,다먀오
청두,불이 산집
청두,쓰촨시댐
청두,청두 백 가든 - 3 단계
청두,청두 푸롱 호텔
청두,보셰 티바노 이탈리아 레스토랑
청두,산거러
청두,The Way of The Dragon (Kuanzhai)
청두,야위에 위안 레스토랑
청두,스타 웨이 호텔 (청두 Jianshe Road sm Square) · 조식 레스토랑
청두,99 청두 인 타이 센터
청두,월마트 쇼핑 플라자
청두,청두 하이닝 가죽 도시
청두,청두 하이창 폴라 오션 파크 - 수출 쇼핑몰
청두,타임스 아울렛
청두,청두 룽후 빈장 거리
청두,청두 시마오 광장
청두,청두 SM 광장
청두,팍슨 쇼핑 센터-쓰촨 타임스 스토어
청두,청두 골든 스트리트
청두,샘 회원 슈퍼마켓
청두,허징
청두,베이징 화롄 공항 쇼핑몰
청두,청두 바이마 사원 시장
청두,바이지아 신시장
청두,IFS 국제 금융 센터
청두,중국 기차 예매 방법과 준비물 및 꿀팁 총정리!
청두,"안녕, 푸바오 중국 청두로 돌아간 푸바오를 만나러! 청두 여행"
청두,중국 기차여행 인기 도시 TOP 7
청두,솽류국제공항
청두,청두 톈푸 국제공항
청두,신진공항
청두,장베이국제공항
청두,난자오공항
란저우,란저우세관
란저우,란저우센터
란저우,란저우신구
란저우,치리허
란저우,란저우 종촨 국제공항
란저우,기차역
란저우,시관스즈
란저우,완다플라자
란저우,동부시장
란저우,궁자완
란저우,샤오시후 공원
란저우,국제전시컨벤션센터
란저우,바이타산
란저우,둥팡훙광장
란저우,난관스즈
란저우,안닝
란저우,란저우 오션 월드
란저우,란저우 올드 스트리트
란저우,허커우구전
란저우,란저우 안닝 다칭산 스키 리조트
란저우,황하 삭도
란저우,황허모친상(황하모친조소)
란저우,란저우 워터쇼 공원
란저우,물레방아박람원
란저우,황허 탑
란저우,란저우 박물관(바이이 사원 타워)
란저우,다중샹
란저우,우이산 삼림 생태관광단지
란저우,당산 란저우고성
란저우,란저우 남관 이슬람사원
란저우,우취안산(오천산) 공원
란저우,호가병 테마파크
란저우,천부사궁
란저우,란저우 무형 문화유산 전람관
란저우,란저우 개인 가이드 일일 투어 황하 석림
란저우,"란저우 케이블카, 보트 탑승이 포함된 황하석림 개인 일일 투어"
란저우,"무위의 천사산 석굴, 나선탑, 뇌대까지의 란저우 당일 여행"
란저우,란저우 당일치기 투어 : 병령사 석굴과 류가협
란저우,반나절 개인 조명 란저우 투어: 저녁 식사가 포함된 황하 및 음식 거리
란저우,반나절 란저우 개인 조명 투어: 황하 및 음식 거리
란저우,란저우 개인 가이드 1일 투어 천안산 석굴 레이타이 공원 로쉬 파고다
란저우,천수 출발 천수 보리 적산 석굴에 점심 식사 투어
란저우,란저우-황하 크루즈 프라이빗 데이 투어
란저우,란저우 하이라이트 당일치기 투어
란저우,점심 식사와 황하 크루즈가 포함된 란저우의 개인 일일 투어
란저우,란저우 황하 크루즈와 함께하는 3시간 프라이빗 무슬림 다이닝 체험
란저우,란저우 개인 가이드 일일 투어 장예 국가지질공원 장예 대불사
란저우,란저우 개인 가이드 1일 투어 간쑤성 박물관 황하 어머니 조각 란저우 수차 정원 황하 철교 시관 모스크
란저우,란저우 천수이 마이지산 석굴 복희사 개인 일일 투어
란저우,란저우 류자협(Liujia Gorge)과 빙링스 석굴(Binglingsi Grotto) 개인 일일 투어
란저우,"란저우 Tianti Grottoes, Luoshi Pagoda 및 Leitai 개인 일일 투어"
란저우,란저우 개인 가이드 반나절 투어 황하 철교 황하 어머니 조각품 바이타산 공원 란저우 물레방아 공원
란저우,서호 은봉
란저우,완다
란저우,란저우 고속철도역 치리허 대교아도 호텔 ·두 크로스 에어 레스토랑
란저우,정닝 길 시장
란저우,Qing Zhen·Song shu jia niu rou mian(zheng ning lu dian)
란저우,Lanzhou No.1 Noodle Restaurant
란저우,LAN ZHOU ZAI HUI SHOU
란저우,Jin Jun Da Zi Ran Barbecue
란저우,Market Café
란저우,Ru Ji KaoRou
란저우,Ma Laoliu Muslim Restaurant
란저우,Charlie‘s
란저우,Qing zhen·pang ma ma shou zhua (ding xi lu zong dian)
란저우,Du ji tian shi
란저우,Crowne Plaza Lanzhou·Riverside Café Buffet
란저우,Hilton Lanzhou City Center · Cloud · All-Day Dining Restaurant
란저우,Ashia·XIBEI MAMA NASHOUCAI
란저우,Jin cheng mian pian di yi chao (da zhong xiang zong dian)
란저우,지안란루
란저우,중 거리 아침 시장
란저우,신다
란저우,중산 호텔-쇼핑몰
란저우,무지의 좋은 제품
란저우,화룬 완지아 (런헝 지점)
란저우,후이성 쇼핑
란저우,바이안 쇼핑몰
란저우,정닝 길 스낵 야시장
란저우,우이 야채 시장
란저우,아시아 및 유럽 상업 건물
란저우,란저우 동부 종합 도매 시장
란저우,시단 쇼핑몰
란저우,샤오옌탄 야채 시장
란저우,우취안 야채 시장
란저우,란저우 밍청 광장
란저우,란저우 센트럴 플라자
란저우,패션 파크 슨 (칭양루)
란저우,차오자부공항
란저우,중촨 국제공항
만달레이,파이이지이타곤
만달레이,차나예다잔
만달레이,바간
만달레이,낭우
만달레이,통사
만달레이,민지안
만달레이,아바
만달레이,캬우크파덩
만달레이,뉴 베이건
만달레이,파냉
만달레이,민 간
만달레이,Mahaaungmyay
만달레이,Chanmyathazi
만달레이,나토지이
만달레이,만달레이 왕궁
만달레이,만달레이 언덕
만달레이,우베인다리
만달레이,마하무니 사원
만달레이, 황금 궁전 수도원 (쉐난도 짜웅)
만달레이,쿠도도 파고다
만달레이,짜욱또지 파고다
만달레이,리틀스타즈 워터파크
만달레이,쉐인빈 수도원
만달레이,만달레이 베이 이벤트 센터
만달레이,바간 열기구
만달레이,짜욱또지 파고다
만달레이,만달레이 네이쳐 트레일
만달레이,이라와디 강
만달레이,아난다 사원
만달레이,담마얀지 사원
만달레이,아바
만달레이,만달레이 내셔널 야생동물보호지역
만달레이,Daung Lann Gyi
만달레이,Mingalabar Myanmar Restaurant
만달레이,Nova Rooftop Bar
만달레이,Super 81
만달레이,Aye myit tar
만달레이,The Golden Duck
만달레이,Apex Sky Bar
만달레이,Golden Shan
만달레이,BBB European Restaurant
만달레이,Lashio Lay
만달레이,Shwe Taung Tann Kyay-Oh (မူလပထမ ရွှေတောင်တန်းကြေးအိုး)
만달레이,Mandalay Croissant(မန္တလေးခရော့စ်ဆင့်)
만달레이,Shan Ma Ma
만달레이,Man Myo Taw Cafe မန်းမြို့တော် ပေါက်စီ - မနော်ဟရီ
만달레이,Unique Mandalay Tea Room
만달레이,Win & Win hot pot
만달레이,Mr. Bar BQ
만달레이,Too Too
만달레이,만달레이 팰리스 쇼핑몰
만달레이,냥우 재래시장(바간)
만달레이,만달레이 빌리지 마켓플레이스
만달레이,Fuji Shopping Centre
만달레이,재스민 가족 칠기 작업장
만달레이,마켓플레이스 쇼핑 몰
만달레이,HMR 트레이딩 하우스 파이오니어
만달레이,Fuji Shopping Centre
만달레이,AEON Orange Supermarket 80th
만달레이,Diamond Plaza
만달레이,Tar Tar Stationery
만달레이,Chan Shwin Jewellery & Amber
만달레이,Amazing Mall
만달레이,A&Z Online Market
만달레이,Mandalay Yatanar Mall Gems & Jewellery Shopping Mall
만달레이,Together Mobile Sale&Service
만달레이,Fuji
만달레이,Aung Nan Myanmar Handicrafts workshop
만달레이,만달레이국제공항
만달레이,니아-유 공항
팀부,크실로팀부
팀부,챔강
팀부,카비
팀부,헝츠호
팀부,모티탕
팀부,기다
팀부,카사카
팀부,유시팡
팀부,셈토카
팀부,차루낭
팀부,치미탕카
팀부,지데카
팀부,치푸
팀부,랭다루
팀부,Phajoding
팀부,Jazhipang
팀부,팀부 밸리
팀부,도출라 패스
팀부,부처 도르덴마 상
팀부,심토카 종
팀부,데어 파크 팀부
팀부,창리미탕 스타디움
팀부,타시치호 드종
팀부,도데이드라 풋볼 그라운드 뷰 포인트 레지
팀부,"러드롱 메모리얼 가든, 랭조파카"
팀부,로열 타킨 보호지역
팀부,로카시 타나 팀부난
팀부,뷰 포인트
팀부,도데이드락 뷰 포인트
팀부,부탄 이코라지컬 공원
팀부,상가이강 뷰 포인트
팀부,쿠엔젤 포드랑 뷰 포인트
팀부,팜트쇼 뷰 포인트
팀부,Sinchula Indian Cuisine
팀부,Dochula Resort Restaurant
팀부,Hotel Panchasheel
팀부,The Zone
팀부,Zombala
팀부,Chh'a Bistro and Bar
팀부,Coffee Studio
팀부,FnB Restaurant
팀부,Hayate Ramen
팀부,Yu Wang Restaurant & Cafe
팀부,Taktsang
팀부,Busy Bean Cafe- Thimphu
팀부,Paro United Cafe
팀부,Ambient Cafe
팀부,Yu Wang Restaurant & Cafe
팀부,Latest Recipe
팀부,Siena Pizzeria
팀부,Dharma Siddhi Restaurant
팀부,센터네리 파머스 마켓
팀부,GAA PHEL SHOPPING CENTER Thimphu Bhutan (GPSC)
팀부,Pema Import House
팀부,O Plaza
팀부,TLC Import and Export
팀부,Druk Shopping Complex
팀부,Indo Shopping Mall
팀부,Zangdopelri Shopping Complex
팀부,City Mall
팀부,Changlam Plaza
팀부,Dawa Tshongkang
팀부,Shearee Square
팀부,WANGCHUK MART
팀부,Tashi Commercial Shopping Mall
팀부,RBG Canteen
팀부,Karzem Mart
팀부,My Mart
팀부,DrukBees
치타공,사젝
치타공,코밀리아
치타공,콕스 바자르
치타공,라오잔
치타공,다간뷔얀
치타공,카드허크힐
치타공,램거 우파질라
치타공,콕스스 바자 사다르 우파질라
치타공,램거
치타공,판치하리 우파질라
치타공,버드한티
치타공,에맘 노거
치타공,타마루딘
치타공,소나이카리
치타공,마후톨라
치타공,치타공 보트 클럽
치타공,자허 아메드 초더리 스타디움
치타공,Chittagong Zoo
치타공,Patenga Sea Beach
치타공,DC Hill Park
치타공,ফইল্ল্যাতলী বাজার জামে মসজিদ - Foillatoli Bazar Jame Mosjid
치타공,Foy’s Lake Concord
치타공,বাদশা সিটি হল Badsha City Hall
치타공,CRB Chittagong
치타공,মাইজপাড়া জামে মসজিদ - Maiz Para Jame Masjid
치타공,Golpahar Mohashoshan Kali Temple (গোলপাহাড় মহাশ্মশান কালী মন্দির)
치타공,Chandgaon Society Club - খেলার মাঠ
치타공,Four Seasons Resturant & Resort
치타공,The Pavilion
치타공,Night Shadow Club (Hotel Tower Inn Bar)
치타공,Grand Mughal Restaurant
치타공,Burgwich town fusion cafe
치타공,Haatkhola
치타공,Hotel Zaman
치타공,Da Signature
치타공,"Flamingo Cafe, The Peninsula Chittagong"
치타공,River View Restaurant
치타공,Aroy-D
치타공,Hunger Games
치타공,Mezetto
치타공,Chan Vaiyer Dokan (চাঁন ভাইয়ের দোকান)
치타공,Burgeroo
치타공,Butterfly Park Restaurant
치타공,The Exchange Restaurant
치타공,Cafe Milano
치타공,VIP Tower ভিআইপি টাওয়ার
치타공,হাজি আবু জাফর মার্কেট Haji Abu Zafor market
치타공,Singapore Bangkok Market
치타공,Jamai Bajar (জামাই বাজার )
치타공,ইলিজি স্কাই পার্ক ( ELIGY Sky Park)
치타공,"Family Departmental Store,(বাঁশখালী স্টোর)"
치타공,Gazi Tower Shopping Complex গাজী টাওয়ার শপিং কমপ্লেক্স
치타공,Sukkor store (শুক্কুর স্টোর)
치타공,SAF AMIN SHOPPING MALL
치타공,M. S. K. MAYER DOYA TELECOM (2)
치타공,Sana Fashion Mall
치타공,অদ্বিতিয়া - Additiya
치타공,"EMAAN ( ঈমান), NUR Tower, 1st floor"
치타공,M
치타공,NUPUR SHOPPING COMPLEX
치타공,Ma General Store
치타공,I T Land
치타공,Madina Shopping Complex
치타공,샤아마나트국제공항
치타공,콕스즈바자르 공항
양곤,양곤도
양곤,양곤 시내중심가
양곤,다곤
양곤,마얀곤
양곤,이스트 다곤 타운쉽
양곤,사우스 다곤 타운쉽
양곤,사우스 오칼라파
양곤,밍갈라돈 타운쉽
양곤,바한
양곤,샌 차웅
양곤,달라
양곤,탐웨
양곤,알론
양곤,란마도
양곤,라사
양곤,파베단
양곤,Chinatown
양곤,슈웨다곤 파고다
양곤,양곤 시청사
양곤,양곤 차이나타운
양곤,양곤 줄라지컬 가든
양곤,국립민속촌
양곤,술레 사원
양곤,세인트 메리 대성당
양곤,깐도지 호
양곤,까라웨익 팰리스
양곤,미얀마 국립박물관
양곤,보타타웅파고다
양곤,차욱타지
양곤,양곤 센트럴 레일웨이 스테이션
양곤,마하반둘라 공원
양곤,성 삼위일체 성공회 양곤 성당
양곤,보족 시장
양곤,인야 호
양곤,양곤의 색조와 색채
양곤,양곤의 기초 탐구
양곤,Sha Lian Zhai Pagoda 학습 + Ding Yin Water Pagoda 반나절 투어 [양곤 출발]
양곤,오닉스 와인트리
양곤,L'Opera Italian Restaurant & Bar (at Inya Lake)
양곤,Padonmar Restaurant
양곤,The Strand Café
양곤,Sorabol2 서라벌2
양곤,999 Shan Noodle House
양곤,The Yangon Restaurant
양곤,Shan Yoe Yar
양곤,Le Planteur
양곤,Yakinku Japanese Barbeque Restaurant
양곤,50th Street
양곤,Rangoon Tea House
양곤,Yankin Heights Rooftop Restaurant
양곤,Babett Eatery & Bar Yangon
양곤,"Taing Yin Thar Restaurant, Yankin"
양곤,Mai Thai
양곤,Fuji Coffee House and Restaurant
양곤,정션시티
양곤,정션 스퀘어
양곤,Taw Win Centre
양곤,Hledan Centre
양곤,Local Market (ကုန်းတလပေါင်‌ဈေး)
양곤,U Hton Goldsmith & Jewellery (ပန်းဘဲတန်း ဦးထုံရွှေဆိုင်)
양곤,ဖိုးလပြည့်မေမေ Japan Used Products
양곤,Myanmar Plaza
양곤,Myanmar Htoo San car showroom
양곤,Capital Express 1
양곤,Yuzana Plaza
양곤,The Ape Tattoo Studio & Tattoo Supply
양곤,Aung Kanbo Yangon Car Show Room
양곤,"KER RENDEZVOUS ( SHOPPING, FASHION , FOOD LOUNGE , CINEMA )"
양곤,ROYAL HOME MART
양곤,999 Online Store
양곤,AEON Orange Hypermarket (Shwe Pyi Thar)
양곤,"GREAT THAILAND HOTEL & SPA SUPPLY, Yangon, Myanmar."
양곤,양곤국제공항
푸리,푸리향
푸리,푸리진
푸리,푸리주창
푸리,푸리리
푸리,아푸리막
푸리,엠푸리아브라바
푸리,푸리바
푸리,마타푸리
푸리,푸리니
푸리,푸리 더칸
푸리,푸리 슈쿨리
푸리,푸리 판데이
푸리,나히나푸리
푸리,푸리 수컬
푸리,푸리 치탄
푸리,푸리치아오
푸리,푸리 스와개드워 비치
푸리,푸리구전
푸리,푸리우 강
푸리,푸리 난쿤산
푸리,스리 자간나사 템플 푸리
푸리,푸리완
푸리,푸리 발리아판다 공원
푸리,푸리바 보전공원
푸리,라마찬디 비치
푸리,나히나푸리 골프 클럽
푸리,다이너소 아일랜드
푸리,코나라크 선 템플
푸리,챈드라바가 비치
푸리,발룩핸드 - 코나크 와일드라이프 보호구역
푸리,고바단 매스
푸리,바푸리
푸리,바푸리
푸리,바푸리
푸리,바푸리
푸리,바푸리
푸리,바푸리
푸리,푸리 호텔 레스토랑
푸리,바푸리 숯불김 Bapuri
푸리,푸리궁
푸리,Puma de Piedra
푸리,The Bar
푸리,Taró
푸리,Bay Spirits Seaside Cafe & Bar
푸리,Nord-Sud
푸리,The Coach House Puriri
푸리,BARON - The British Bar
푸리,Bodeguita la Caleta
푸리,푸리 광장
푸리,푸리 몰
푸리,푸리팅
푸리,푸리화 쇼핑몰
푸리,푸리화 쇼핑몰
푸리,푸리청
푸리,푸리위안 상업거리
푸리,푸리위안 쇼핑 플라자
푸리,푸리스 타임스 스퀘어-베이스
푸리,더 센터 앳 푸리스 페리 로드
푸리,푸리광장
푸리,필롯 트레블 센터
푸리,INTERNET BRYANN@.NET
푸리,Corporación Machi S.A.C - MOVISTAR
푸리,"Comercial ""AGUILAR"""
푸리,"World Trade Center, puri"
푸리,JR Martinelli
푸리,JM
푸리,안다훼이라스 공항
첸나이,쇼링가넬러
첸나이,팔라바람
첸나이,페롬바캄
첸나이,체트펫 이코파크
첸나이,첸나이 라이트 하우스
첸나이,마리나 비치
첸나이,아루파다이 비두 무루간 템플
첸나이,카팔레엣워러 템플
첸나이,이스크컨 첸나이
첸나이,첸나이 스리 에캄바레스와라 데바스하남
첸나이,낸망갈람 리저브 포레스트
첸나이,포르 St. 조지
첸나이,세모지 푼가
첸나이,로이니 실버 스크린스
첸나이,긴디 국립공원
첸나이,Quintessence
첸나이,Delhi Highway
첸나이,Arcot Briyanee Spot
첸나이,The Flying Elephant
첸나이,Drizzle By The Beach
첸나이,The Lobby Cafe
첸나이,Hotel Sangamam Restaurant
첸나이,Southern Spice
첸나이,Amirtham Vegetarian Restaurant
첸나이,Samudra
첸나이,Ummys Restaurant
첸나이,Peshawri
첸나이,The Raintree
첸나이,The Westminster
첸나이,The Cake World
첸나이,Pan Asian
첸나이,Chef's Table
첸나이,Annalakshmi Restaurant
첸나이,스펙트럼 더 그랑 비너스 몰
첸나이,그랑 스퀘어
첸나이,엑스프레스 애버뉴
첸나이,피닉스 마켓시티
첸나이,마루씨 디파트먼털 스토어
첸나이,베르가모 몰
첸나이,앰발 스토어
첸나이,센츄리 플라자
첸나이,메나 쇼핑센터
첸나이,아비라미 메가 몰
첸나이,라미 몰
첸나이,비즈미 쇼핑센터
첸나이,넥서스 비자야 몰
첸나이,말라카시미 쇼핑센터
첸나이,더 레전드 뉴 사라바나 스토어스
첸나이,게아임 J 콤플렉스
첸나이,ALLIKULAM MARKET COMPLEX
첸나이,Indo World Shopping Centre
첸나이,마드라스국제공항
벵갈루루,벵갈루루 어번
벵갈루루,옐라항카
벵갈루루,Koramangala
벵갈루루,BTM Layout
벵갈루루,Brookefield
벵갈루루,넬라망갈라
벵갈루루,JP Nagar
벵갈루루,MG Road
벵갈루루,베거
벵갈루루,애티벨
벵갈루루,HSR Layout
벵갈루루,Indiranagar
벵갈루루,Arekere
벵갈루루,Nagavara
벵갈루루,Kadubeesanahalli
벵갈루루,Bommasandra
벵갈루루,Malleshwaram
벵갈루루,벵갈루루 골프 클럽
벵갈루루,벵갈루루 팰리스
벵갈루루,"St. 메리스 바실리카, 벵갈루루"
벵갈루루,스리 솜슈와라 스와미 템플
벵갈루루,내셔널 갤러리 오브 모던 아트 -
벵갈루루,스리 고바다나 크쉐트라
벵갈루루,스리 칸티라바 스타디움
벵갈루루,라지거다 스리 프라사나 안자네야스와미 템플
벵갈루루,아가라 호
벵갈루루,이스크컨 템플 방가로
벵갈루루,마디왈라 호
벵갈루루,베거 포르
벵갈루루,투라할리 포레스트
벵갈루루,M 치나스와미 스타디움
벵갈루루,랄바 보태니컬 가든
벵갈루루,울소어 호
벵갈루루,Shivoham Shiva Temple
벵갈루루,벵갈루루 시티 융티온 레일웨이 스테이션
벵갈루루,더 피셔맨스 와프
벵갈루루,Mainland China
벵갈루루,Hard Rock Cafe
벵갈루루,Indigo Live Music Bar
벵갈루루,Helloo Delhi
벵갈루루,Rim Naam
벵갈루루,Karavalli
벵갈루루,Toit Brewpub
벵갈루루,Ottimo
벵갈루루,The Raj Pavillion
벵갈루루,사이드워크 바 & 키친
벵갈루루,Bene
벵갈루루,"Edo - Japanese Restaurant and Bar, ITC Gardenia - Restaurants In Bengaluru"
벵갈루루,Barbeque Nation
벵갈루루,K & K
벵갈루루,Cubbon Pavilion
벵갈루루,Mtr1924
벵갈루루,Alfresco by Bene
벵갈루루,UB 시티
벵갈루루,피닉스 마켓시티
벵갈루루,오리온 몰
벵갈루루,맨트리 스퀘어 몰
벵갈루루,엘레멘츠 몰
벵갈루루,베가 시티 몰
벵갈루루,넥서스 몰 코라망갈라
벵갈루루,GT 월드 몰
벵갈루루,로열 미낙쉬 몰
벵갈루루,Gandhi Bazaar
벵갈루루,베이슈나비 새피어 센터
벵갈루루,스리 크리슈나 다이아몬즈 앤드 쥬얼리
벵갈루루,Tibet Mall
벵갈루루,소울 스페이스 스피리트 센트로 몰
벵갈루루,마켓 스퀘어 몰 사르자퍼 로드
벵갈루루,인디언 스카이
벵갈루루,고팔란 몰
벵갈루루,골든 헤이츠
벵갈루루,벵갈루루국제공항
코임바토르,알란두라이
코임바토르,싱가넬러
코임바토르,Gandhipuram
코임바토르,이루거
코임바토르,RS Puram
코임바토르,Singanallur
코임바토르,Town Hall
코임바토르,Sethumadai
코임바토르,가스 포레스트 뮤지엄
코임바토르,코임바토르 골프 클럽
코임바토르,카스투리 사르니바산 아트 갤러리 & 텍스타일 뮤지엄
코임바토르,몽키 팔스
코임바토르,게디 카 뮤지엄
코임바토르,"스리 라미크리슈나 매스, 코임바토르"
코임바토르,아룰미구 이차나리 빈아야가 템플
코임바토르,코임바토르 코퍼레이션 공원
코임바토르,아나말라이 타이거 리저브 엔트리 첵포스트
코임바토르,VOC 그라운드
코임바토르,베데스다 프레이어 센터
코임바토르,코임바토르 뮤니시펄 공원
코임바토르,스리 나가 사이 템플
코임바토르,스리 사이 비바하 마할
코임바토르,"폴라치, 톱 슬립, 코임바토르"
코임바토르,스리 서브라마니야 스와미 코빌
코임바토르,Delhiwala Sweet Home
코임바토르,The Orbis Hotel Restaurant
코임바토르,A1 Chips & Exports I Private Limited
코임바토르,Sugana Hot Puffs
코임바토르,The Amul
코임바토르,Afghan Grill
코임바토르,Ranis Hotel Restaurant
코임바토르,Hotel Setha Ram Pure Veg Restaurant
코임바토르,Jisnu Bakes
코임바토르,Just Grills and Broken Rice
코임바토르,Ruby Hot Chicken
코임바토르,Thaj Hotel Restaurant
코임바토르,Sree Vignesh Bakes and Fruits
코임바토르,Hot Chips
코임바토르,WelcomCafe Kovai
코임바토르,Comfort Hotel and Relish Restaurant
코임바토르,Ys Foods
코임바토르,Annapoorna Hotel Restaurant
코임바토르,브룩필즈 몰
코임바토르,스리 카난 디파트먼털 스토어
코임바토르,우츠하바 샌드하이
코임바토르,발라지 데파트망 스토어
코임바토르,Swamy Departmental Stores & Pazhamudhir Nilayam
코임바토르,Sri Jaya Maruthi Silks (Kora Cotton&Soft Silk Sarees Manufacturer)
코임바토르,Anna Shopping Complex - Mettupalayam Bus Stand
코임바토르,Harini Arcade Shopping Complex
코임바토르,Selvan Shopping Centre
코임바토르,V M S BANNAN LEAF
코임바토르,Shree Kannan Departmental Store Private Limited
코임바토르,JAY TRADERS PATANJALI STORE
코임바토르,Dolphin Aquarium Pollachi
코임바토르,Lalchand & Bros
코임바토르,Broadway Megaaplex Pvt. Ltd.
코임바토르,Fun Republic Mall
코임바토르,PROZONE MALL
코임바토르,Relax Online Service center
코임바토르,코임바토르국제공항
뭄바이,사우스뭄바이
뭄바이,반드라쿠를라 컴플렉스
뭄바이,꼴라바
뭄바이,안데리 웨스트
뭄바이,처치게이트
뭄바이,쳄버
뭄바이,포와이
뭄바이,나비뭄바이
뭄바이,Andheri
뭄바이,Juhu
뭄바이,Worli
뭄바이,보리발리
뭄바이,Dadar
뭄바이,Kurla
뭄바이,Santacruz
뭄바이,Lower Parel
뭄바이,다라비 슬럼
뭄바이,"도비 가트, 뭄바이"
뭄바이,크해트라파티 쉬바지 마하라지 바스투 샌그라할라야
뭄바이,PVR ICON 인피니티 앤드헤리 뭄바이
뭄바이,래디슨 뭄바이 앤드헤리 MIDC
뭄바이,포와이 호
뭄바이,칸헤리 석굴
뭄바이,게이트웨이 오브 인디아 뭄바이
뭄바이,마린 드라이브
뭄바이,에쎌월드
뭄바이,자인교 사원 - 뭄바이
뭄바이,마하카리 케이브즈
뭄바이,더 아시어틱 서사이어티 오브 뭄바이 타운 홀
뭄바이,스노 월드
뭄바이,한깅 가든스
뭄바이,비어마타 지자바이 바세일 우다얀 앤드 동물원
뭄바이,브리한뭄바이 뮤니시펄 코퍼레이션
뭄바이,고라이 비치
뭄바이,뭄바이에서 아잔타 및 엘로라까지: 항공편 티켓 및 모든 것이 포함된 당일 투어
뭄바이,"뭄바이 필름 베이스 + 다하위 슬럼 일일 투어, 뭄바이, 인도"
뭄바이,가이드 서비스가 포함된 고아 및 뭄바이 개인 교통 12일 골든 트라이앵글 투어
뭄바이,뭄바이에서 출발하는 2일 투어로 아잔타와 엘로라의 경이로움을 탐험하세요. 가이드 서비스와 호텔이 제공됩니다.
뭄바이,가이드 서비스가 포함된 델리 출발 고아 & 뭄바이 12일 골든 트라이앵글 투어
뭄바이,"아잔타 & 엘로라: 뭄바이 출발 당일 투어(항공권, 교통수단, 가이드, 입장권 포함)"
뭄바이,"가이드 서비스가 포함된 16일 델리, 아그라, 라자스탄, 아잔타, 엘로라 동굴 및 뭄바이 투어"
뭄바이,"16 - 가이드 서비스를 포함한 뭄바이 투어가 포함된 델리, 아그라, 라자스탄, 아잔타, 엘로라 동굴 일"
뭄바이,하버 바
뭄바이,케스트 라 비 뭄바이
뭄바이,Wasabi by Morimoto
뭄바이,24
뭄바이,Pizza By The Bay
뭄바이,Shree Thaker Bhojanalay
뭄바이,Kebabs & Kurries
뭄바이,Gajalee
뭄바이,Cafe Mondegar
뭄바이,China Gate
뭄바이,Mahesh Lunch Home
뭄바이,Sea Lounge
뭄바이,Ling's Pavilion
뭄바이,The Yoga House
뭄바이,5 Spice(Fort)
뭄바이,Pan Asian
뭄바이,The Great Wall
뭄바이,오베로이 몰
뭄바이,하이 스트리트 피닉스
뭄바이,피닉스 마켓시티
뭄바이,말라드 몰 
뭄바이,CR2 쇼핑 몰
뭄바이,하이언 쇼핑센터
뭄바이,타바스 쇼핑센터
뭄바이,"215, 패시쿠아 쇼핑센터"
뭄바이,펀 리퍼블릭 몰
뭄바이,핀투 쇼핑센터
뭄바이,인드레이프라스타 쇼핑센터
뭄바이,사켓 쇼핑센터
뭄바이,비슈누 쉬밤 몰
뭄바이,포팟 바파 앤드 손즈 쇼핑센터
뭄바이,그라월스 101 몰
뭄바이,뮤니시펄 마켓
뭄바이,비나 비나 쇼핑센터
뭄바이,롤렉스 쇼핑센터
뭄바이,차트라파티시바지국제공항
하이데라바드,쉠샤바드
하이데라바드,안드라 프라데쉬 하우싱 보드 페이즈-IV
하이데라바드,고스 카란 칸 쇼로
하이데라바드,비디아 나가르
하이데라바드,HITEC City
하이데라바드,Shora Goth
하이데라바드,골콘다 포르
하이데라바드,챠미너
하이데라바드,쉴파라맘
하이데라바드,살라 정 뮤지엄
하이데라바드,비를라 만디르
하이데라바드,B.M. 벌라 사이언스 뮤지엄
하이데라바드,메카 맛지드
하이데라바드,후세인 사가르
하이데라바드,"에코 파크, 하이데라바드"
하이데라바드,카수 브라마난다 레디 내셔널 파크
하이데라바드,플립사이드 어드밴츄어 파크
하이데라바드,NTR 가든
하이데라바드,앨런 워커「Walkerworld」년 콘서트 투어 2024
하이데라바드,라즈 바 & 레스토랑
하이데라바드,Sanah Hotel Restaurant
하이데라바드,Ttt Chat Centre
하이데라바드,Snacking
하이데라바드,Dadu's Mithai Vatika
하이데라바드,Mannepalli Sweet House
하이데라바드,Habeebb Cafe
하이데라바드,Super Hotel Restaurant
하이데라바드,Vazeer Hotel Restaurant
하이데라바드,Banglore Spl Moksha Bakery
하이데라바드,Sage Farm Cafe
하이데라바드,Hotel Grand Plaza Restaurant
하이데라바드,The Waterfront
하이데라바드,Hot Rolls
하이데라바드,Indian Fresh Fruit & Juice Shop
하이데라바드,Hotel Golden Point
하이데라바드,Hotel Fouzan Restaurant
하이데라바드,The Joint Banjara hills
하이데라바드,하이데라바드 센트럴
하이데라바드,인오빗 몰 사이버아바드
하이데라바드,주빌리 힐스 폴리스 스테이션
하이데라바드,만지라 몰
하이데라바드,라자 바하두르 벤카타라마 레디 쇼핑 콤플렉스
하이데라바드,타일랜드 쇼핑센터
하이데라바드,GSM 몰 & 멀티플렉스
하이데라바드,락쉬미 패드마샬리 핸들룸스 앤드 텍스타일스 마켓
하이데라바드,시티 센터 몰
하이데라바드,스링거 쇼핑센터
하이데라바드,마하 락쉬미 쇼핑센터
하이데라바드,NAVIKA BANGLES BANNAJI MARKET 1st floor BEGAMBAZAR
하이데라바드,니아마스 플라자 쇼핑센터
하이데라바드,안나프르나 쇼핑센터
하이데라바드,칼란잘리 아츠 & 크래프츠
하이데라바드,"GB SHOPPING CENTRE (SUPER MARKET, SPORTS, HOSIERY, COSMETICS AND HOME APPLIANCES)"
하이데라바드,IN-HYD-Inorbit-Level1-PuP2
하이데라바드,9 to 999 SMART STORE
하이데라바드,라지브간디국제공항
나구푸르,FUN 플래닛 | 워터 파크 | 어드밴츄어 파크 | 어뮤즈먼트 파크 나구푸르
나구푸르,"촐바훌리 게이트, 펜치 타이거 리저브, 나구푸르, 마하라슈트라"
나구푸르,"크허사파르 게이트, 펜치 타이거 리저브, 나구푸르, 마하라슈트라"
나구푸르,나구푸르 서드하르 프란야스
나구푸르,조거스 파크 프라샨트 나가르 나구푸르
나구푸르,나구푸르 서드하르 프란야스 우다얀
나구푸르,아우라 파크 나구푸르
나구푸르,나구푸르 유니버시티 캠퍼스 도서관
나구푸르,나구푸르 서드하르 프란야스 가든
나구푸르,나구푸르 서드하르 프란야스 가든
나구푸르,나구푸르 투어 앤드 트레블스 투어리즘 정글 사파리
나구푸르,"NIT 가든, 나구푸르, 마하라슈트라"
나구푸르,드림 나구푸르 시티
나구푸르,커뮤니티 홀 오르드낭스 팍터리 앰바자리 나구푸르
나구푸르,래쉬트라산트 투카도지 마하라지 나구푸르 유니버시티 도서관
나구푸르,"실라리 게이트, 펜치 타이거 리저브, 나구푸르, 마하라슈트라"
나구푸르,세드구루 나구푸르 가든
나구푸르,나구푸르 임프루브먼트 트러스트
자이푸르,자이푸르 지구
자이푸르,자이푸르핫
자이푸르,비자이푸르
자이푸르,가자이푸르
자이푸르,비자이푸르
자이푸르,아자이푸르
자이푸르,라자이푸르
자이푸르,자이라
자이푸르,자이푸르 롱드
자이푸르,드홀리푸르 M. 자이람퍼
자이푸르,자이티푸르 카타
자이푸르,카노타
자이푸르,다난자이푸르
자이푸르,Amer Fort Road
자이푸르,C Scheme
자이푸르,단라자이푸르
자이푸르,벌라 만디르 자이푸르
자이푸르,잔타 만타 - 자이푸르
자이푸르,더 시티 팰리스
자이푸르,하와마할
자이푸르,알버트 홀 뮤지엄
자이푸르,나하르가 포르 Jaipur.
자이푸르,패트리카의 문
자이푸르,CityPark 자이푸르
자이푸르,라자스탄 하이 코트 자이푸르
자이푸르,반가라 요새
자이푸르,자이푸르 공원
자이푸르,센트럴 공원
자이푸르,사와이 맨싱 스타디움
자이푸르,스마리티 반
자이푸르,아마르 자완 죠티
자이푸르,암리타 데비 비슈노이 반 유다얀 자이푸르
자이푸르,"만다와 타운과 함께하는 10일 조드푸르, 자이살메르, 비카네르, 자이푸르 & 아그라 투어."
자이푸르,2 – 자이푸르에서 출발하는 만다와 일 투어(비카너 드롭 포함)
자이푸르,자이푸르에서 출발하는 바랏푸르 들새 관찰 모험 일일 투어.
자이푸르,가이드 서비스가 포함된 자이푸르 출발 푸쉬카르 당일 여행
자이푸르,"10 - 일 조드푸르, 자이살메르, 비카네르, 자이푸르 & 아그라 투어"
자이푸르,자이푸르 출발: 타지마할 가이드 투어 및 차량으로 아그라 투어
자이푸르,"가이드 서비스가 포함된 자이푸르 출발 8일 자이푸르, 조드푸르 & 우다이푸르 투어"
자이푸르,"8 – 자이푸르, 조드푸르, 자이살메르, 비카네르와 함께하는 라자스탄 일일 투어"
자이푸르,"가이드 서비스가 포함된 자이푸르, 우다이푸르, 조드푸르, 자이살메르, 비카네르 11일 라자스탄 투어"
자이푸르,지역 가이드 서비스를 통해 개인 차량으로 자이푸르를 방문하세요.
자이푸르,가이드 서비스를 포함하여 자이푸르에서 출발하는 Bikaner Drop으로 Mandawa Town을 시청하세요
자이푸르,가이드 서비스가 포함된 자이푸르 출발 개인 9일 라자스탄 투어
자이푸르,"지역 가이드 서비스가 포함된 조드푸르, 자이살메르, 비카네르 8일 사막 투어"
자이푸르,자이푸르에서 Chand Baori와 Fatehpur Sikri를 방문하여 Agra City를 방문하세요.
자이푸르,Roasted Duck Shop 69
자이푸르,24
자이푸르,설타낫 카페 포르 자이푸르
자이푸르,Kalyan Rooftop Restaurant
자이푸르,Jal Mahal
자이푸르,Peacock Rooftop Restaurant at Hotel Pearl Palace
자이푸르,Chokhi Dhani
자이푸르,Nibs Cafe & Chocolataria
자이푸르,Maly Buddha
자이푸르,Shreenath LassiWala
자이푸르,Suvarna Mahal
자이푸르,Okra
자이푸르,Spice Court
자이푸르,Anokhi Cafe
자이푸르,Tapri Pratham
자이푸르,Swapna Mahal
자이푸르,Barbeque Nation - Jaipur - MI Road
자이푸르,The Eatery - Four Points By Sheraton
자이푸르,바푸 바자
자이푸르,A 투 Z 쇼핑센터
자이푸르,JDA 쇼핑센터
자이푸르,S-2 쇼핑센터
자이푸르,MGF 메트로폴리탄 몰
자이푸르,가우라브 타워
자이푸르,코스모 크리에이션
자이푸르,"Orbit Mall, Jaipur"
자이푸르,Zudio jaipur Z014
자이푸르,MMTC LIMITED ( Jai Janki Jewellers)
자이푸르,Heritage Textiles & Handicrafts
자이푸르,PREVIKSHA HEALTH CARE ASCLEPIUS WELLNESS PVT.LTD. (AWPL)
자이푸르,New Maharaja Gem Palace
자이푸르,Saraogi Mansion
자이푸르,Ganpati plaza M.I.Road
자이푸르,Carpet and Textile House
자이푸르,Jaipur Dairy 6975
자이푸르,Harmada Tower
자이푸르,샌가너공항
뉴델리,델리
뉴델리,델리
뉴델리,델리 칸톤먼트
뉴델리,센트럴 리지 리저브 포레스트
뉴델리,인디라간디 국제공항
뉴델리,뉴 프리엔즈 콜로니
뉴델리,센트럴 시크리테리엇
뉴델리,드와르카
뉴델리,쿠탑 인스티투셔널 에어리어
뉴델리,사리타 비하르
뉴델리,오클라 인더스트리얼 에어리어
뉴델리,Karol Bagh
뉴델리,마히팔퍼
뉴델리,Pahar Ganj
뉴델리,South Delhi
뉴델리,Central Delhi
뉴델리,랭퓨리
뉴델리,"내셔널 뮤지엄, 뉴델리"
뉴델리,"네루 플래닛테리움, 뉴델리"
뉴델리,내셔널 줄라지컬 파크
뉴델리,"사프다르정 툼, 델리"
뉴델리,"내셔널 사이언스 센터, 델리"
뉴델리,스리 락 쉬미 나라 얀 사원
뉴델리,상암 코트야드
뉴델리,국립 현대 미술관
뉴델리,"잔타 만타, 델리"
뉴델리,간디 슴리티
뉴델리,구르드와라 방글라 사힙
뉴델리,아그라센 키 바올리
뉴델리,라슈트라파티 바반
뉴델리,인디라 간디 메모리얼 뮤지엄
뉴델리,인도문
뉴델리,로디 가든
뉴델리,델리: 올드 델리와 뉴 델리의 개인 가이드 일일 투어
뉴델리,뉴델리+타지마할+아그라성 1일 투어
뉴델리,올드 델리와 뉴 델리 프라이빗 풀데이 시티 투어
뉴델리,Gatimaan Express Train을 타고 델리에서 출발하는 아그라 당일 여행
뉴델리,델리에서 출발하는 익스프레스 열차로 떠나는 개인 타지마할 & 아그라 투어
뉴델리,델리 야경 투어 - 4시간
뉴델리,아그라타지마할1일 투어
뉴델리,델리 출발 타지마할 일출 투어 - 대기줄 건너뛰기: 가이드와 함께하는 투어
뉴델리,델리 또는 아그라에서 차량으로 일출 타지마할 & 아그라 투어 - 다양한 옵션
뉴델리,타지마할1일 투어
뉴델리,더카페
뉴델리,뉴델리커리
뉴델리,The Spice Route
뉴델리,INDIAN ACCENT
뉴델리,Dum Pukht
뉴델리,Bukhara
뉴델리,K3 - New Delhi's Food Theatre
뉴델리,United Coffee House
뉴델리,Zizo
뉴델리,Underdoggs
뉴델리,Barbeque Nation
뉴델리,"Gulati Restaurant, Pandara Road"
뉴델리,Saravana Bhavan
뉴델리,The Piano Man Jazz Club
뉴델리,Lodi The Garden Restaurant
뉴델리,칸 마켓
뉴델리,팔리카 바자
뉴델리,바하르 스퀘어 몰
뉴델리,DLF 임포리오
뉴델리,DLF 사우스 스퀘어
뉴델리,딜리 핫
뉴델리,Janpath Market
뉴델리,Bhikaji Cama Place
뉴델리,스리 람 하리 람 쥬얼러스
뉴델리,Central Cottage Industries Emporium
뉴델리,DLF Promenade Mall
뉴델리,시티 스퀘어 몰
뉴델리,Anokhi
뉴델리,DIOR New Delhi Emporio Mall
뉴델리,모먼츠 몰
뉴델리,Fabindia
뉴델리,노스 스퀘어 몰
뉴델리,Big Bazaar
뉴델리,인디라간디국제공항
라호르,걸버그 III
라호르,멀퓨라
라호르,요하르 타운
라호르,라호르 Cantt.
라호르,캐벌리 그라운드
라호르,킬라 구쟈르 싱
라호르,바리아 타운
라호르,걸버그 2
라호르,스테이트 라이프 하우싱 서사이어티 - 페이즈 1
라호르,타운쉽
라호르,D.H.A. 페이즈 1
라호르,메인 걸버그
라호르,카날 뷰
라호르,아나칼리
라호르,걸버그 V
라호르,가히 샤후
라호르,라호르 성
라호르,라호르 포르
라호르,라호르 동물원
라호르,샬리마르 정원
라호르,라호르 운하
라호르,조이 랜드
라호르,레이스 코스 라호르
라호르,맛지드 와지어 칸
라호르,"K 블럭 파크, 샙자자, 라호르"
라호르,미아니 사히브 그라베어드
라호르,사파리 동물원
라호르,라호르 인터나티오널 엑스포 센터
라호르,배드샤히 모스크
라호르,둔지 그라운드
라호르,DHA 시네마
라호르,라호르 폴로 클럽
라호르,헤이주리 바그
라호르,매드호 랄 후세인 슈라인
라호르,번두 칸 레스토랑 - 포트레스 스타디움
라호르,다어 치니
라호르,Andaaz Restaurant
라호르,Café Aylanto
라호르,Arcadian Cafe Packages Mall
라호르,샤먼 이스 크림 - 알라마 이벌 타운
라호르,Cuckoo's Den
라호르,Yum Chinese & Thai
라호르,DERA
라호르,Deja (M.M. Alam Bakery) CLOSED
라호르,The Little Eatery
라호르,Turkish Restaurant and Cafe
라호르,ALI BABA SHAWARMA & FAST FOOD
라호르,Sarhad Restaurant
라호르,The Kitchen Bistro-Boulangerie-Patissrie
라호르,Curly Delights
라호르,Freddy's Café
라호르,L' Auberge
라호르,보그 타워스 라호르
라호르,MM Alam Rd
라호르,STC 쇼핑센터
라호르,파노라마 쇼핑센터
라호르,"아예샤 가만츠, 잴럴 쇼핑센터"
라호르,앨-나지어 디파트먼털 스토어
라호르,아크배리 슈퍼 스토어
라호르,블러바드 헤이츠
라호르,가히 샤후 마켓
라호르,카지 센터
라호르,시티 스타 쇼핑센터
라호르,Emporium Mall
라호르,리아주딘 쇼핑센터
라호르,Raja Sahib - Model Town Link Road
라호르,Fortress Stadium Market
라호르,Mall of Lahore
라호르,Packages Mall
라호르,아하드 아케이드
라호르,알라마이크발국제공항
카라치,빈 카심
카라치,말리어 칸톤먼트
카라치,바스 아일랜드
카라치,발디아 타운
카라치,가답 타운
카라치,새더 타운
카라치,잼쉐드 타운
카라치,클리프턴
카라치,카라치 톨라
카라치,Defence Housing Authority
카라치,Gulshan-e-Iqbal
카라치,Keamari Town
카라치,카라치케다
카라치,Naval Colony
카라치,Bath Island
카라치,PECHS
카라치,D.H.A.
카라치,"드림월드 리조트, 호텔 & 골프 코스"
카라치,카라치 동물원
카라치,카라치 골프 클럽
카라치,"클리프턴 비치, 카라치"
카라치,사파리 공원
카라치,카라치 대학
카라치,모하타 팰리스 뮤지엄
카라치,엠프레스 마켓
카라치,카라치 청사
카라치,프레르 홀
카라치,힐얼 공원
카라치,잠자마 공원
카라치,"디스플레이 에어리어, 카라치 엑스포 센터"
카라치,파키스탄 국립 박물관
카라치,신드배즈 원드랜드 어뮤즈먼트 파크
카라치,파키스탄 매리타임 뮤지엄
카라치,파키스탄 에어 포스 뮤지엄
카라치,아라비안 시 컨트리 클럽
카라치,Bar BQ Tonight Clifton
카라치,Cafe Flo
카라치,Regent Plaza Hotel Sunday Buffet
카라치,Okra Restaurant
카라치,Sacha's Cakes
카라치,Kabab-Ji
카라치,Waheed Hotel Restaurant
카라치,Pantry
카라치,Sakura
카라치,Cafe 3T
카라치,Urban Farm Cafe
카라치,Kolachi Restaurant
카라치,Sultan - The Royal Eatery
카라치,Hobnob Cafe
카라치,Turkish Kabab House
카라치,Peshawari Chapli Kabab & B.B.Q
카라치,McDonald's
카라치,The Crave Bar
카라치,코어포레이티브 마켓
카라치,돌먼 몰 클리프턴
카라치,미나 바자 메인 파러 마켓
카라치,아르시 쇼핑센터
카라치,애쉬래피 컴퓨터 서비스
카라치,돌먼 몰 하이데리
카라치,카라치 쇼핑센터
카라치,Dolmen Mall Tariq Road
카라치,Azad Trade Center
카라치,Zainab Market
카라치,Chapal Navinta Mall and Luxury Apartments
카라치,Haya’s baby shop
카라치,Bismilah stationery & general store etawah society
카라치,The plaza
카라치,Sayyam Cosmetics & General Store
카라치,JOKHIO general store
카라치,Aashiana Shopping Mall
카라치,진나국제공항
카불,카불리
카불,나랑바
카불,샌드스톤 포인트
카불,벨미어
카불,투어블
카불,카불쳐 사우스
카불,카불퍼
카불,바카불리
카불,버펜가리 이스트
카불,램퍼 카불라
카불,비치미어
카불,오션 뷰
카불,닝이
카불,나가오카불꽃축제
카불,카불 동물원
카불,카불쳐 히스토리컬 빌리지
카불,카불루안 포레스트
카불,카불쳐 강
카불,카불쳐 아버리텀
카불,더 갠트리
카불,카불리 바그 공원
카불,올드 페트리 타운
카불,터너스 캠프 레스트 에어리어
카불,로키 홀
카불,카불쳐 도서관
카불,투어블 트리 룸
카불,샌드스톤 파크
카불,카불 리버 공원
카불,센터네리 레이크스 공원
카불,스톤 리지 공원
카불,샌드스톤 레이크스
카불,오션 뷰 에스테이츠
카불,로 N 모어 카페
카불,Vila Velebita
카불,Elbow Room
카불,The Beach Shak Cafe
카불,The 14th
카불,Basil & Vine
카불,Bombay Bliss
카불,The Old Storehouse
카불,Muffin Break
카불,Serena
카불,L'atmosphere
카불,Blackjacks Buffet
카불,Red Chili Delicious
카불,Sunny's Chicken House
카불,Tehzeeb Restaurant
카불,Oyster Shed Beach Club
카불,Sushi Metro
카불,카불쳐 컨트리 마켓츠
카불,나랑바 밸리 쇼핑 센터
카불,모레이필드 쇼핑 센터
카불,타워 쇼핑 센터
카불,마켓 플라자
카불,비치미어 쇼핑 센터
카불,센트럴 레이크스 쇼핑 빌리지
카불,DEM.af فروشگاه اینترنتی
카불,Alokozay market الکوزې
카불,Avesta Sharq Trading Company شركت تجارتي اوستا شرق
카불,Latif Firaz group
카불,Chinatown kabul
카불,حبيب ټاور - Habib Tower
카불,Haydarzada city center
카불,Khalis Super Store فروشگاه بزرگ خالص
카불,Samadi Super market
카불,Imperial Exclusive
카불,Afghan Mart-Afghanistan's Online Shopping فروشگاه افغان مارت
카불,카불국제공항
바미안,곤배드
바미안,Bakak
바미안,Iraq
바미안,Ferozak
바미안,Shahidan
바미안,Zard Sang
바미안,Sare Ahangaran
바미안,Estarab
바미안,Sarqul
바미안,Chardeh
바미안,Sulij
바미안,Pasruya
바미안,Chahr Cheshma
바미안,Akhshay
바미안,Syah-Layak
바미안,Cultural Landscape and Archaeological Remains of the Bamiyan Valley
바미안,Rowzana Film Production
바미안,Blue Net Club
바미안,Park sorkh sang
바미안,Shāh Fōlādī
바미안,Historical Gholghola City
바미안,Buddha Book Café
바미안,Bamika Super Market
울란바토르,코루 6
울란바토르,코루 11
울란바토르,코루 4
울란바토르,코루 2
울란바토르,코루 18
울란바토르,코루 5
울란바토르,코루 13
울란바토르,코루 3
울란바토르,코루 8
울란바토르,코루 16
울란바토르,Sansar
울란바토르,Bayangol
울란바토르,자이승 전승 기념탑
울란바토르,더 블루 스카이 호텔 앤 타워
울란바토르,몽골 국립 현대미술관
울란바토르,칭기즈 칸 광장
울란바토르,몽골 국립 박물관
울란바토르,간단테그치늘렌사원
울란바토르,엠바시 오브 피플스 리퍼블릭 오브 차이나
울란바토르,몽골 국립 놀이공원
울란바토르,성 베드로와 성 바오로 대성당
울란바토르,초이진 라마 사원 박물관
울란바토르,몽골 공룡 중앙 박물관
울란바토르,복드 칸 궁전 박물관
울란바토르,자나바자르 불교미술박물관
울란바토르,몽골 징기스칸 광장 + 간덴사원 + 보르그칸 고궁박물관 + 블루스카이타워 일일 투어
울란바토르,징기스칸 동상과 테렐지 국립공원 아리아발 사원 발견
울란바토르,울란바토르: 낙타 체험과 테렐지 국립공원 일일 투어
울란바토르,나담 (샹그릴라 호텔)
울란바토르,더 불
울란바토르,Premier Lounge
울란바토르,블랙 버거 팩토리
울란바토르,Modern Nomads
울란바토르,Namsaste
울란바토르,Cantê Bar & Garden
울란바토르,Caffe Ti-amo
울란바토르,SALM PUB & BAR
울란바토르,Asiana Central Restaurant
울란바토르,"Mongolian’s Restaurant, Shangri-La Mall"
울란바토르,BD's Mongolian Barbeque
울란바토르,Gobi Cave Turkish Restaurant
울란바토르,Seoul Restaurant
울란바토르,Hazara Indian Restaurant
울란바토르,Elegance Lounge
울란바토르,UBean Coffeehouse and Roasterie
울란바토르,Blue Sky Lounge
울란바토르,국영백화점
울란바토르,고비 캐시미어 팩토리
울란바토르,나랑톨 시장
울란바토르,나담센터
울란바토르,매리 & 마르타 기념품점
울란바토르,Europoos
울란바토르,Dunjingarav Shopping Center
울란바토르,Bestgift
울란바토르,Sky Shopping Center
울란바토르,Premium Ulaanbaatar
울란바토르,ReindeerBoot Цаа Бугын Годон гутлын дэлгүүр
울란바토르,Golden Buddha & Zaisan Central
울란바토르,Ikh Toiruu shopping mall
울란바토르,Diamond Fashion Design
울란바토르,KHANBURGEDEI Center
울란바토르,Sky Department Store
울란바토르,InnoKbeauty Mongolia
울란바토르,Tuguldur Shopping Center
울란바토르,"몽골 울란바토르 여행을 위한 기본정보, 여행지, 호텔"
울란바토르,대학생이 가기 좋은 7월 해외 여행지 추천
